-- phpMyAdmin SQL Dump
-- version 5.2.1
-- https://www.phpmyadmin.net/
--
-- Host: 127.0.0.1
-- Generation Time: Dec 17, 2025 at 04:45 AM
-- Server version: 10.4.32-MariaDB
-- PHP Version: 8.2.12

SET SQL_MODE = "NO_AUTO_VALUE_ON_ZERO";
START TRANSACTION;
SET time_zone = "+00:00";


/*!40101 SET @OLD_CHARACTER_SET_CLIENT=@@CHARACTER_SET_CLIENT */;
/*!40101 SET @OLD_CHARACTER_SET_RESULTS=@@CHARACTER_SET_RESULTS */;
/*!40101 SET @OLD_COLLATION_CONNECTION=@@COLLATION_CONNECTION */;
/*!40101 SET NAMES utf8mb4 */;

--
-- Database: `medicine_store`
--

-- --------------------------------------------------------

--
-- Table structure for table `cart`
--

CREATE TABLE `cart` (
  `id` int(11) NOT NULL,
  `user_id` int(11) NOT NULL,
  `product_id` int(11) NOT NULL,
  `quantity` int(11) NOT NULL DEFAULT 1,
  `added_at` timestamp NOT NULL DEFAULT current_timestamp()
) ENGINE=InnoDB DEFAULT CHARSET=utf8mb4 COLLATE=utf8mb4_general_ci;

--
-- Dumping data for table `cart`
--

INSERT INTO `cart` (`id`, `user_id`, `product_id`, `quantity`, `added_at`) VALUES
(13, 2, 13, 1, '2025-12-16 03:39:13');

-- --------------------------------------------------------

--
-- Table structure for table `orders`
--

CREATE TABLE `orders` (
  `id` int(11) NOT NULL,
  `user_id` int(11) DEFAULT NULL,
  `total` decimal(10,2) NOT NULL,
  `status` enum('pending','shipped','delivered') DEFAULT 'pending',
  `payment_intent_id` varchar(255) DEFAULT NULL,
  `created_at` timestamp NOT NULL DEFAULT current_timestamp(),
  `payment_method` varchar(50) DEFAULT 'COD',
  `shipping_cost` decimal(10,2) DEFAULT 0.00,
  `tax_amount` decimal(10,2) DEFAULT 0.00,
  `billing_name` varchar(255) DEFAULT NULL,
  `billing_email` varchar(255) DEFAULT NULL,
  `billing_phone` varchar(20) DEFAULT NULL,
  `billing_address` text DEFAULT NULL,
  `billing_city` varchar(100) DEFAULT NULL,
  `billing_state` varchar(100) DEFAULT NULL,
  `billing_pincode` varchar(20) DEFAULT NULL,
  `shipping_name` varchar(255) DEFAULT NULL,
  `shipping_phone` varchar(20) DEFAULT NULL,
  `shipping_address` text DEFAULT NULL,
  `shipping_city` varchar(100) DEFAULT NULL,
  `shipping_state` varchar(100) DEFAULT NULL,
  `shipping_pincode` varchar(20) DEFAULT NULL,
  `updated_at` timestamp NOT NULL DEFAULT current_timestamp() ON UPDATE current_timestamp()
) ENGINE=InnoDB DEFAULT CHARSET=utf8mb4 COLLATE=utf8mb4_general_ci;

--
-- Dumping data for table `orders`
--

INSERT INTO `orders` (`id`, `user_id`, `total`, `status`, `payment_intent_id`, `created_at`, `payment_method`, `shipping_cost`, `tax_amount`, `billing_name`, `billing_email`, `billing_phone`, `billing_address`, `billing_city`, `billing_state`, `billing_pincode`, `shipping_name`, `shipping_phone`, `shipping_address`, `shipping_city`, `shipping_state`, `shipping_pincode`, `updated_at`) VALUES
(1, 2, 638.40, 'delivered', NULL, '2025-12-08 02:55:56', 'COD', 0.00, 0.00, NULL, NULL, NULL, NULL, NULL, NULL, NULL, NULL, NULL, NULL, NULL, NULL, NULL, '2025-12-15 04:51:17'),
(3, 2, 139.37, 'pending', NULL, '2025-12-15 04:55:44', 'cod', 50.00, 13.63, 'Shuvam Jana', 'shuvam45@gmail.com', '8576542198', 'Bhairabdanri, Chakbhabani, Patashpur, Purba Medinipur, WB, 721440', 'Pratapdighi', 'West Bengal', '721440', 'Shuvam Jana', '8576542198', 'Bhairabdanri, Chakbhabani, Patashpur, Purba Medinipur, WB, 721440', 'Pratapdighi', 'West Bengal', '721440', '2025-12-15 04:55:44'),
(5, 3, 146.93, 'pending', NULL, '2025-12-15 05:06:33', 'COD', 50.00, 14.79, 'Monalisa Sharma', 'monalisasharma35@gmail.com', '6257412451', '35B, Andhari Chok, Mumbai - 400012', '', '', '', 'Monalisa Sharma', '6257412451', '35B, Andhari Chok, Mumbai - 400012', '', '', '', '2025-12-15 05:29:14'),
(6, 2, 1592.22, 'shipped', NULL, '2025-12-16 03:25:24', 'cod', 50.00, 235.25, 'Shuvam Jana', 'shuvam45@gmail.com', '8576542198', 'Bhairabdanri, Chakbhabani, Patashpur, Purba Medinipur, WB, 721440', 'kolkata', 'west bengal', '721440', 'Shuvam Jana', '8576542198', 'Bhairabdanri, Chakbhabani, Patashpur, Purba Medinipur, WB, 721440', 'kolkata', 'west bengal', '721440', '2025-12-16 03:27:22');

-- --------------------------------------------------------

--
-- Table structure for table `order_items`
--

CREATE TABLE `order_items` (
  `id` int(11) NOT NULL,
  `order_id` int(11) DEFAULT NULL,
  `product_id` int(11) DEFAULT NULL,
  `quantity` int(11) NOT NULL,
  `price` decimal(10,2) NOT NULL
) ENGINE=InnoDB DEFAULT CHARSET=utf8mb4 COLLATE=utf8mb4_general_ci;

--
-- Dumping data for table `order_items`
--

INSERT INTO `order_items` (`id`, `order_id`, `product_id`, `quantity`, `price`) VALUES
(1, 1, 20, 1, 638.40),
(2, 3, 12, 2, 37.87),
(3, 5, 19, 1, 82.14),
(4, 6, 13, 1, 1306.97);

-- --------------------------------------------------------

--
-- Table structure for table `products`
--

CREATE TABLE `products` (
  `id` int(11) NOT NULL,
  `name` varchar(255) NOT NULL,
  `description` text DEFAULT NULL,
  `price` decimal(10,2) NOT NULL,
  `category` varchar(255) DEFAULT NULL,
  `stock` int(11) NOT NULL,
  `image` varchar(255) DEFAULT NULL,
  `created_at` timestamp NOT NULL DEFAULT current_timestamp(),
  `subcategory` varchar(100) DEFAULT NULL,
  `manufacturer` varchar(255) DEFAULT NULL,
  `mrp` decimal(10,2) DEFAULT NULL,
  `discount_percent` int(11) DEFAULT NULL,
  `features` text DEFAULT NULL,
  `composition` text DEFAULT NULL,
  `key_uses` text DEFAULT NULL,
  `how_to_use` text DEFAULT NULL,
  `safety_information` text DEFAULT NULL,
  `additional_information` text DEFAULT NULL,
  `faq` text DEFAULT NULL,
  `certified_writer` varchar(255) DEFAULT NULL,
  `certified_writer_title` varchar(255) DEFAULT NULL,
  `certified_reviewer` varchar(255) DEFAULT NULL,
  `certified_reviewer_title` varchar(255) DEFAULT NULL,
  `manufacturer_details` text DEFAULT NULL,
  `disclaimer` text DEFAULT NULL
) ENGINE=InnoDB DEFAULT CHARSET=utf8mb4 COLLATE=utf8mb4_general_ci;

--
-- Dumping data for table `products`
--

INSERT INTO `products` (`id`, `name`, `description`, `price`, `category`, `stock`, `image`, `created_at`, `subcategory`, `manufacturer`, `mrp`, `discount_percent`, `features`, `composition`, `key_uses`, `how_to_use`, `safety_information`, `additional_information`, `faq`, `certified_writer`, `certified_writer_title`, `certified_reviewer`, `certified_reviewer_title`, `manufacturer_details`, `disclaimer`) VALUES
(1, 'Cetaphil Daily Gentle Skin Cleanser Face Wash (500ml)', 'A range of skin care products from Galderma laboratories, Cetaphil skincare line include bar soaps, cleansers, creams, lotions and moisturizers\r\nHelps to effectively remove dirt, excess oils and makeup without drying out the skin.\r\nIt may help reduce the appearance of pores for smoother-looking skin.\r\nHelps strengthen the skin’s moisture barrier.\r\nSoothes and replenishes skin’s moisture\r\nNon-comedogenic and pH-balanced. \r\nIt doesn’t irritate the skin.\r\nCustomers also bought', 969.43, 'Personal Care', 2, 'Cetaphil_1.jpg', '2025-11-09 03:28:09', 'Skin Care', 'Galderma India Pvt. Ltd', 1031.31, 6, '[\"Gently cleanses the skin.\\r\",\"Soothes the skin.\\r\",\"Keeps the skin moisturised and healthy.\\r\",\"Moisturises without leaving residue that can clog pores.\\r\",\"Maintains the natural pH balance of the skin.\"]', 'All Other Combinations (0 Mg)', 'Supports Gentle Cleansing: Cetaphil Gentle Skin Cleanser provides a thorough cleansing experience without relying on harsh ingredients or abrasive agents. It helps remove dirt, oil and impurities from the skin’s surface while preserving the skin\'s natural oils. This makes it ideal for daily use, especially for those with sensitive or dry skin who need a gentle yet effective cleansing solution.\r\n \r\nHelps Hydrate the Skin: The inclusion of glycerin and panthenol in the formula helps ensure that the skin remains well-hydrated during and after cleansing. These humectants help draw moisture from the environment and help lock in moisture and support the skin’s natural hydration processes. This dual action helps reduce dryness and keeps the skin soft and supple.\r\n \r\nHelps Soothe and Calm Irritated Skin: Enriched with panthenol and niacinamide, Cetaphil Gentle Skin Cleanser offers soothing and calming benefits. Panthenol helps reduce inflammation and irritation, while niacinamide works to minimise redness and support the skin’s repair mechanisms. This combination is particularly beneficial for individuals with sensitive or reactive skin, providing relief from discomfort and promoting a more even skin tone.\r\n \r\nNon-Irritating Formula: Cetaphil Gentle Skin Cleanser is formulated without harsh soaps or synthetic fragrances which can often cause irritation or allergic reactions. Its mild and non-irritating formula helps ensure that it is suitable for even the most sensitive skin types. This gentle approach helps reduce skin irritation and maintains a comfortable and balanced skin condition.\r\n \r\nHelps Maintain pH Balance: The cleanser’s formula includes citric acid which helps adjust and maintain the pH balance of the product to match that of the skin. This pH balance is crucial for preserving the skin’s natural acidity and overall health. By aligning with the skin’s natural pH, the cleanser helps avoid disruption of the skin barrier and supports optimal skin function.\r\n \r\nSuitable for All Skin Types: Designed to cater to a broad range of skin types, Cetaphil Gentle Skin Cleanser is especially beneficial for those with dry, sensitive or combination skin. Its gentle formulation ensures that it cleanses effectively without stripping the skin of essential moisture.\r\n \r\nNon-Comedogenic: The cleanser is formulated to be non-comedogenic, meaning it does not clog pores. This is particularly important for individuals prone to acne or breakouts, as clogged pores can exacerbate these issues. By maintaining clear pores, Cetaphil Gentle Skin Cleanser helps reduce acne and supports a clearer, healthier complexion.', 'Apply Cetaphil Gentle Skin Cleanser to damp skin. \r\nGently massage in circular motions, then rinse thoroughly with lukewarm water. \r\nUse twice daily, morning and evening, to remove impurities and maintain hydrated, clean skin. Pat dry with a soft towel.', 'Read the label carefully before use.\r\nStore in a cool dry place. \r\nKeep away from direct sunlight and strong-smelling substances.\r\nKeep out of the reach of children.\r\nThe ideal temperature for storage is 30 degrees centigrade.', 'Good to Know:Paraben free;Lightweight and non-greasy;Gentle on Skin \r\nQuick Tips:Use Cetaphil Gentle Skin Cleanser twice daily for optimal brightening and hydration;Massage the cleanser gently in circular motions to enhance blood circulation and product absorption;Follow with a moisturiser and sunscreen to lock in moisture and protect your brightened skin\r\nConcerns It Can Help With:Cleansing dirt, oil and impurities;Dry skin;Irritated skin', '[\"Can Cetaphil Gentle Skin Cleanser be used on sensitive skin?:Yes, it is specifically designed for sensitive skin. Its gentle formula cleanses without irritation, making it suitable for even the most delicate skin types.\\r\",\"How often should I use this cleanser?:For best results, use Cetaphil Gentle Skin Cleanser twice daily, once in the morning and once in the evening.\\r\",\"Is this cleanser suitable for acne-prone skin?:Yes, it is non-comedogenic and helps reduce clogged pores, making it suitable for acne-prone skin.\\r\",\"Does Cetaphil Gentle Skin Cleanser contain fragrances?:No, it is free from synthetic fragrances, reducing the risk of irritation and making it ideal for sensitive skin.\\r\",\"Can I use this cleanser if I have eczema or rosacea?:Yes, the gentle formula is suitable for conditions like eczema and rosacea. It cleanses without causing additional irritation.\\r\",\"Is it necessary to use a toner after this cleanser?:It\\u2019s not necessary, but if you use a toner, choose one that complements your skin type and concerns. Cetaphil Gentle Skin Cleanser provides a balanced pH which may reduce the need for additional products.\\r\",\"Can this cleanser be used with other skincare products?:Yes, it can be used with other skincare products. For best results, follow with a suitable moisturiser and any prescribed treatments or serums.\"]', 'Dr. Divya Mandia', 'Medical Content Writer | 9 years PhD in Chemistry', 'Dr. Mandeep Chadha', 'Lead Medical Content Reviewer | 11 years MBBS, DNB (OBGY)', 'Lotus Corporate Park, D Wing Unit 801802 Off Western Express Highway, Goregaon (East), Mumbai, Maharashtra 400063\n\nCountry of origin: INDIA\nExpiry on or after: March 2026\n\nIn case of any issues, contact us:\nsupport@medicare.com|06257814252\nAddress: 6th floor, Urmi Corporate Park Street, Atal Sharani Road, Kolkata 700054.', 'We, at Medicare make a diligent attempt to deliver accurate, expert- drafted and thoroughly reviewed medicine related information to our consumers. However, it should, by no means, be considered a substitute for prescription from a certified doctor or a trustworthy doctor-patient relationship. In fact we detest any form of self medication without expert advice. The sole purpose of the information on our portal is to educate our consumers, which helps improve the communication between a doctor and a patient. The information by no means is complete in its entirety and should not be used to diagnose or treat any medical condition. No amount of information can replace the experience and expertise of a doctor, therefore his/her advice always holds priority and should be followed appropriately.'),
(2, 'HIMALAYA Hadjod (60 Tablets)', 'Himalaya Hadjod Tablet is used to strengthen bones, improve bone density, promote fracture healing, and support joint wellness. It helps relieve bone pain and supports overall skeletal health naturally.', 250.64, 'Health Conditions', 15, 'HIMALAYA_Hadjod_1.jpg', '2025-11-09 04:53:28', 'Pain Relief', 'Himalaya Drug Company', 325.00, 23, '[\"Helps Strengthen bones.\\r\",\"Supports bone and joint wellness.\\r\",\"Helps relieve pain.\\r\",\"Helps healing fractures.\\r\",\"Helps increase bone density.\\r\",\"Provides anti-inflammatory benefits.\\r\",\"Made of pure Cissus quadrangularis extract.\"]', 'Cissus Quadrangularis (250 Mg)', 'Helps Strengthen Bones: Hadjod, rich in bioactive compounds like triterpenoids, β-sitosterol and calcium, promotes the healthy equilibrium between bone restoration and formation. This ensures bones remain strong and resilient, enhancing overall bone integrity.\r\nHelps Accelerate Fracture Healing: The presence of triterpenoids and quadrangularis compounds in Hadjod helps accelerate the healing process of fractures. These compounds support the rapid regeneration of connective tissues around damaged bones, facilitating quicker recovery.\r\nSupports Bone and Joint Wellness: Regular intake of Hadjod helps maintain overall bone and joint health. Its anti-inflammatory and antioxidant properties, contributed by constituents like tannins and vitamins, help reduce inflammation and oxidative stress in joints, promoting long-term bone and joint wellness.\r\nHelps Relieves Pain: Hadjod helps alleviate pain associated with bone injuries and conditions like osteoporosis. Its anti-inflammatory properties help reduce swelling and discomfort, providing relief from pain and improving mobility.\r\nHelps Increase Bone Density: The essential minerals and vitamins in Hadjod, such as vitamin C, vitamin E, iron and zinc, contribute to improving bone density. This makes bones stronger and less prone to fractures, ensuring better bone health and reduced risk of bone-related issues.', 'Dosage: 2 tablets twice daily or as directed by your physician.', 'Read the label carefully before use.\r\nKeep out of the reach of children.\r\nStore in a cool, dry place away from direct sunlight and heat.\r\nDo not exceed the recommended dose.', 'Good to Know:This is a 100 % vegetarian product;It is free from sugar, artificial colours, artificial flavours and preservatives\r\nQuick Tips:For optimal results, take the Himalaya Hadjod Tablet regularly as directed by your physician;Drink plenty of water throughout the day to support the body\'s natural healing processes and overall bone health;Complement the tablet with a diet rich in calcium and vitamin D to further enhance bone strength and density\r\nAllergy Informatio:No specific allergens are listed. If you have allergies to herbal supplements or any specific component mentioned in the ingredients, consult your physician before use\r\nConcerns It Can Help With:Bone and joint health;Joint inflammation;Bone fracture;Mineral density', '[\"How does Hadjod work in the body?:Hadjod works by supporting the balance between bone restoration and formation. It helps in the regeneration of connective tissues, improves bone density and provides antioxidant and anti-inflammatory benefits.\\r\",\"Are there any side effects associated with Himalaya Hadjod Tablet?:Himalaya Hadjod Tablet is generally well-tolerated. However, if you experience any adverse reactions or symptoms, discontinue use and consult your healthcare provider.\\r\",\"Is the tablet suitable for vegetarians?:Yes, Himalaya Hadjod Tablet is 100% vegetarian.\\r\",\"Can I use Himalaya Hadjod Tablet if I am pregnant or breastfeeding?:It is advisable to consult your physician before using the product if you are pregnant, breastfeeding, or have any health conditions requiring special medical care.\"]', 'Dr. Divya Mandial', 'Medical Content Writer | 9 years PhD in Chemistry', 'Dr. Mandeep Chadha', 'Lead Medical Content Reviewer | 11 years MBBS, DNB (OBGY)', 'MAKALI TUMKUR ROAD BABGALORE BANGALORE KA 562123 IN\r\n\r\nCountry of origin: INDIA\r\nExpiry on or after: March 2026\r\nIn case of any issues, contact us:\r\nsupport@medicare.com|06257814252\r\nAddress: 6th floor, Urmi Corporate Park Street, Atal Sharani Road, Kolkata 700054.', 'We, at Medicare make a diligent attempt to deliver accurate, expert- drafted and thoroughly reviewed medicine related information to our consumers. However, it should, by no means, be considered a substitute for prescription from a certified doctor or a trustworthy doctor-patient relationship. In fact we detest any form of self medication without expert advice. The sole purpose of the information on our portal is to educate our consumers, which helps improve the communication between a doctor and a patient. The information by no means is complete in its entirety and should not be used to diagnose or treat any medical condition. No amount of information can replace the experience and expertise of a doctor, therefore his/her advice always holds priority and should be followed appropriately.'),
(3, 'Lice Clear Shampoo 50ml', 'is used to manage head lice by killing lice and their eggs. It works on the lice\'s nervous system, causing paralysis and death. Applied to dry hair, left for the suggested time, and rinsed, it’s followed by fine-toothed combing to remove dead lice and nits, helping reduce the risk of reinfestation effectively.', 49.17, 'Personal Care', 15, 'Lice_Clear_Shampoo_1.png', '2025-11-14 02:51:49', 'Hair Care', 'Leeford Healthcare', 75.64, 35, '[\"Eliminates lice and nits with a natural formulation.\\r\",\"Soothes the scalp with gentle herbal ingredients.\\r\",\"Protects hair from lice re-infestation.\\r\",\"Cleanses the hair thoroughly while maintaining scalp health.\\r\",\"Nourishes and strengthens hair with each wash.\\r\",\"Provides a refreshing and cooling sensation during application.\"]', 'Cinnamomum Camphora (0.05 %) + Citrus Medica(citron) (0.05 %) + Eucalyptus Oil (0.05 %) + Guladaudi (0.02 %) + Nimba Azadirachta Indica (0.1 %) + Seva (Pyrus Malus) (0.05 %) + Sitaphal (0.05 %) + Van Tulsi (Ocimum Basilicum) (0.08 %)', 'Removes Lice and Nits: Lice Clear Shampoo effectively targets and eliminates lice and nits from the scalp and hair. Its powerful blend of natural ingredients helps break the life cycle of lice, making it easier to manage infestations.\r\nSoothes the Scalp: The natural extracts in Lice Clear Shampoo, such as Neem and Camphor, provide a soothing effect on the scalp, reducing irritation, itchiness and redness caused by lice bites. This makes the process more comfortable.\r\nMaintains Scalp Health: Ingredients like Eucalyptus Oil and Neem help maintain a healthy scalp by reducing fungal and bacterial growth. Lice Clear Shampoo not only removes lice but also supports overall scalp health, making it suitable for regular use.\r\nManages Re-infestation: With insecticidal properties from herbs like Neem and Chrysanthemum, Lice Clear Shampoo helps in reducing the re-infestation of lice. Regular use creates an environment that is unfavourable for lice, ensuring longer-lasting results.\r\nNourishes and Cleanses Hair: Apart from its lice-removing properties, Lice Clear Shampoo nourishes the hair with herbal ingredients. It cleanses the scalp and hair thoroughly, leaving them refreshed without stripping natural oils.', 'Wet the hair and scalp thoroughly.\r\nApply an adequate amount of Lice Clear Shampoo to the scalp and hair.\r\nMassage gently to create a lather, focusing on the scalp area.\r\nLeave the shampoo on for about 5-10 minutes to allow the ingredients to work.\r\nRinse thoroughly with clean water.\r\nFor best results, use twice a week or as directed by a healthcare professional.', 'Read the label carefully before use.\r\nKeep it out of the reach of children.\r\nFor external use only.\r\nAvoid contact with eyes. \r\nIf irritation develops, discontinue use and consult your dermatologist.\r\nStore in a cool and dry place away from direct sunlight.', 'Good to Know:It is safe and gentle to use;It is formulated with an Ayurvedic formula;It is non-toxic\r\nQuick Tips:Use a fine-toothed comb after shampooing to remove dead lice and nits;Avoid sharing combs, hats or pillows during the whole procedure to reduce the spread of lice;Follow up with a conditioner for easier combing and detangling\r\nAllergy Information:It contains natural ingredients like Eucalyptus Oil and Neem;If you have known sensitivities to these ingredients, consult a healthcare professional before use\r\nConcerns It Can Help With:Lice infestations;Itchy and irritated scalp;Dry or flaky scalp due to lice', '[\"What is Lice Clear Shampoo used for?:Lice Clear Shampoo is used to eliminate head lice. It eliminates lice, removes their eggs (nits), and reduces itching on the scalp. With regular use, it helps keep the hair clean, healthy, and free from lice infestations.\\r\",\"Is Lice Clear Shampoo safe for children?:Yes, Lice Clear Shampoo is formulated with natural ingredients, making it safe for children. However, consult a healthcare professional if your child has sensitive skin or any allergies.\\r\",\"Can I use conditioner after applying Lice Clear Shampoo?:Yes, you can use a conditioner after rinsing out the shampoo to detangle hair and make it easier to comb out dead lice and nits.\\r\",\"Does Lice Clear Shampoo have any side effects?:Lice Clear Shampoo is made with natural ingredients and is generally well-tolerated. If you experience any irritation or allergic reaction, discontinue use and seek medical advice.\"]', 'Dr. Divya Mandial', 'Medical Content Writer | 9 years PhD in Chemistry', 'Dr. Mandeep Chadha', 'Lead Medical Content Reviewer | 11 years MBBS, DNB (OBGY)', 'Leo House, Shaheed Bhagat Singh Nagar, Dugri Dhandra Road, Near Joseph School Ludhiana PB 141002 IN\nCountry of origin: INDIA\nExpiry on or after: March 2026\n\nIn case of any issues, contact us:\nsupport@medicare.com|06257814252\nAddress: 6th floor, Urmi Corporate Park Street, Atal Sharani Road, Kolkata 700054.', 'We, at Medicare make a diligent attempt to deliver accurate, expert- drafted and thoroughly reviewed medicine related information to our consumers. However, it should, by no means, be considered a substitute for prescription from a certified doctor or a trustworthy doctor-patient relationship. In fact we detest any form of self medication without expert advice. The sole purpose of the information on our portal is to educate our consumers, which helps improve the communication between a doctor and a patient. The information by no means is complete in its entirety and should not be used to diagnose or treat any medical condition. No amount of information can replace the experience and expertise of a doctor, therefore his/her advice always holds priority and should be followed appropriately.'),
(4, 'Galact Elaichi Flavour Granules 400gm', 'Galact Elaichi Flavour Granules 400gm is used for supporting nursing mothers in enhancing their breast milk supply. It is a specially formulated lactation supplement infused with a delightful elaichi flavour. These granules help provide a palatable solution without the bitterness often associated with herbal supplements. The product is enriched with seven potent Ayurvedic herbs, each selected for its lactation-enhancing properties. This unique blend promotes the quantity of milk and improves its quality, ensuring optimal nourishment for the baby. Galact granules also function as a rejuvenator in the postnatal phase, helping mothers regain strength and balance after childbirth. Easy to use, these granules can be mixed with milk or water, making them a convenient addition to daily dietary habits. Galact Granules are a natural choice for mothers seeking to enhance their breastfeeding experience and bond with their newborns.', 629.21, 'Personal Care', 15, 'Galact-Elaichi-Flavour-Granules_1.jpeg', '2025-11-14 03:08:11', 'Baby And Mom Care', 'Emcure Pharmaceuticals Ltd', 679.81, 8, '[\"Supports lactation and breast milk production.\\r\",\"Contains a blend of seven Ayurvedic herbs for effective results.\\r\",\"Infused with a delicious elaichi (cardamom) flavour for a pleasant taste.\\r\",\"Acts as a general tonic and rejuvenator during the postnatal period.\\r\",\"Free from bitterness, it is easy to incorporate into daily routine.\\r\",\"Safe for breastfeeding mothers when used as directed.\"]', 'Chandrasura(lepidium Sativum) (1 Gm) + Cuminum Cyminum ( Spice Cumin ) (1 Gm) + Gokshura (2.5 Gm) + Shatavari Root Powder (15 Gm) + Sowa (1 Gm) + Vidarikand (1 Gm) + Yashtimadhu (1 Gm)', 'Milk Production: Galact Elaichi Flavour granules may help enhance breast milk quantity in nursing mothers by supporting natural lactation. This can promote better feeding and nourishment for the baby, helping in healthier growth and development during breastfeeding.\r\nMilk Quality: This granule might help improve the overall quality of breast milk by enriching it with essential nutrients. This could provide better nourishment to the baby, potentially supporting their immune system and overall health.\r\nPostnatal Rejuvenation: These granules may assist in the recovery and rejuvenation of new mothers after childbirth, helping them regain strength and vitality. This may help speed up healing and replenish energy levels during the demanding postpartum period.\r\nHormonal Balance: These granules might help maintain hormonal balance during the postnatal period, which is crucial for lactation and overall well-being. Balanced hormones may contribute to improved emotional health and smoother breastfeeding.\r\nDigestive Support: This granule may help nursing mothers digest food, which benefits both mother and baby. This granule might help ensure better nutrient absorption and comfort during breastfeeding by supporting healthy digestion.\r\nNutritional Enhancement: The granules might help provide essential nutrients to support maternal health during breastfeeding. This could assist in meeting the increased nutritional demands of new mothers, contributing to overall well-being and vitality.', '2 teaspoons twice daily with warm milk or water or as as directed by a healthcare provider.\r\nMix well and consume immediately. ', 'Consult a healthcare professional before use, especially if pregnant, nursing, or on other medications.\r\nDo not exceed the recommended dosage.\r\nDiscontinue use and consult a doctor if any adverse reactions occur.\r\nStore in a cool, dry place away from direct sunlight; always check the expiry date before consumption.', 'Good to Know:Flavour:- Elaichi (Cardamom);This granule contains natural ingredients traditionally used for lactation support;Suitable for breastfeeding mothers seeking to enhance lactation\r\nQuick Tips:For best results, consume consistently and maintain a balanced diet\r\nConcerns It Can Help With:Low milk production;Breastfeeding difficulties;Nutritional support \r\nFrequency of product usage:Recommended twice daily or as a healthcare professional advises\r\nOther Information:Product Form:- Granules;Flavour:- Elaichi;Quantity:- 400 gm', '[\"How do Galact Granules enhance lactation?:The herbal extracts in Galact Granules are scientifically formulated to promote lactation by providing essential nutrients that support milk production.\\r\",\"Are Galact Granules safe for consumption during breastfeeding?:They are safe for breastfeeding mothers, but consulting a healthcare professional before use is advisable.\\r\",\"Can it replace breast milk or formula?:These granules are designed to support lactation and should complement, not replace, breast milk or formula.\"]', 'Dr. Divya Mandial', 'Medical Content Writer | 9 years PhD in Chemistry', 'Dr. Sachin Singh', 'Lead Medical Content Reviewer | 11 years MBBS, DNB (OBGY)', 'Emcure House, T 184, M.I.D.C. Bhosari, Pune 411026\n\nCountry of origin: INDIA\nExpiry on or after: April 2026\n\nIn case of any issues, contact us:\nsupport@medicare.com|06257814252\nAddress: 6th floor, Urmi Corporate Park Street, Atal Sharani Road, Kolkata 700054.', 'We, at Medicare make a diligent attempt to deliver accurate, expert- drafted and thoroughly reviewed medicine related information to our consumers. However, it should, by no means, be considered a substitute for prescription from a certified doctor or a trustworthy doctor-patient relationship. In fact we detest any form of self medication without expert advice. The sole purpose of the information on our portal is to educate our consumers, which helps improve the communication between a doctor and a patient. The information by no means is complete in its entirety and should not be used to diagnose or treat any medical condition. No amount of information can replace the experience and expertise of a doctor, therefore his/her advice always holds priority and should be followed appropriately.'),
(5, 'Sensodyne Rapid Relief Toothpaste 80gm', 'Sensodyne Rapid Relief Toothpaste is used for providing quick and lasting relief from sensitive teeth. It forms a protective barrier over exposed dentine, minimises sharp sensations, and strengthens enamel, offering both rapid comfort and long-term protection.', 177.46, 'Personal Care', 12, 'Sensodyne_Rapid_Relief_1.png', '2025-11-14 03:16:38', 'Oral Care', 'Glaxosmithkline Pharmaceuticals Ltd.', 201.12, 13, '[\"Helps provide rapid relief from tooth sensitivity with a protective barrier.\\r\",\"Helps strengthen enamel and manage cavities with fluoride.\\r\",\"Helps remove plaque and surface stains for a brighter smile.\\r\",\"Helps ensure gentle cleaning action and maintains a smooth texture.\"]', 'All Other Combinations (0 Mg)', 'For Rapid Sensitivity Relief: Strontium Acetate forms a protective layer over sensitive areas, helping reduce discomfort caused by temperature changes. This helps provide fast relief and allows you to enjoy hot, cold, sweet, and sour foods without pain.\r\nHelps Strengthen Enamel: Sodium Fluoride helps enhance enamel strength and supports the remineralisation process, making teeth more resistant to decay. This helps protect against cavities and promotes long-term dental health.\r\nFor Effective Plaque Removal: Silica acts as a mild abrasive to help remove plaque and surface stains. It effectively helps clean teeth while being gentle on enamel, contributing to a brighter smile and improved oral hygiene.\r\nFor Gentle Cleaning Action: Sodium Methyl Cocoyl Taurate creates a rich, foamy texture that assists in the even distribution of the toothpaste. It helps ensure effective cleaning while being less irritating to sensitive gums compared to harsher surfactants.', 'Brush two times a day (3 times max.) and spit out.\r\nDon’t swallow.\r\nFor rapid action, first squeeze a pea-sized amount on a clean fingertip and gently rub on the base of the sensitive teeth for 1 minute. Rub on sensitive teeth a maximum of two times per day.', 'Read the label carefully before use.\r\nStore in a cool and dry place, away from sunlight.\r\nProtect it from moisture.\r\nKeep out of reach of children.\r\nFor dental use only.\r\nDo not freeze.\r\nReplace the cap tightly after every use.\r\nSensitive teeth may be a sign of another problem so speak to your dentist about any concerns.\r\nNot suitable for under 12 years.\r\nIf irritation occurs, stop its usage.\r\nTalk to your dentist or doctor as soon as possible if you experience swelling of the mouth or face. ', 'Good to Know:Daily sensitivity protection;Strong teeth and healthy gums;Rapid relief;Long-lasting protection;Helps beat sensitivity fast;It is a vegetarian product\r\nQuick Tips:Brush teeth twice daily for effective sensitivity relief;Use a soft-bristled toothbrush to avoid further gum irritation;Avoid acidic or sugary foods immediately after brushing;\r\nAllergy Information:The toothpaste does not contain common allergens such as gluten, dairy, perfume and sulphates;However, if you have known sensitivities to any ingredients, consult a healthcare professional before use\r\nConcerns It Can Help With:Tooth sensitivity triggered by hot, cold, sweet or sour foods;Cavities and enamel erosion;Plaque buildup and surface stains;Discomfort\r\nArea of Application:Apply toothpaste to teeth and gums during brushing to manage sensitivity, reduce inflammation, and maintain overall oral hygiene\r\nOther Information:Contains approx. 1000 ppm of available fluoride when packed', '[\"How often should I use this toothpaste?:Use the toothpaste twice daily, in the morning and evening, for effective management of sensitivity and overall oral health.\\r\",\"What should I do if I experience irritation?:If irritation occurs, discontinue use and consult a dentist. Ensure you are not allergic to any of the ingredients.\\r\",\"Is this toothpaste effective for severe tooth sensitivity?:The toothpaste is designed for effective relief from mild to moderate sensitivity. For severe cases, consult your dentist for additional options.\"]', 'Dr. Boban Raju ', 'Medical Content Reviewer | 5 years MBBS', 'Dr. Mandeep Chadha', 'Lead Medical Content Reviewer | 11 years MBBS, DNB (OBGY)', 'No 252, Dr Annie Besant Rd, Worli Shivaji Nagar, Worli, Mumbai, Maharashtra 400018\n\nCountry of origin: INDIA\nExpiry on or after: March 2026\n\nIn case of any issues, contact us:\nsupport@medicare.com|06257814252\nAddress: 6th floor, Urmi Corporate Park Street, Atal Sharani Road, Kolkata 700054.', 'We, at Medicare make a diligent attempt to deliver accurate, expert- drafted and thoroughly reviewed medicine related information to our consumers. However, it should, by no means, be considered a substitute for prescription from a certified doctor or a trustworthy doctor-patient relationship. In fact we detest any form of self medication without expert advice. The sole purpose of the information on our portal is to educate our consumers, which helps improve the communication between a doctor and a patient. The information by no means is complete in its entirety and should not be used to diagnose or treat any medical condition. No amount of information can replace the experience and expertise of a doctor, therefore his/her advice always holds priority and should be followed appropriately.'),
(6, 'Softovac Sf Powder 250gm', 'Softovac SF Powder is a sugar-free laxative used to relieve constipation and support healthy digestion. It softens stools, improves bowel movement, and helps cleanse the digestive system. Made with natural ingredients like Isabgol and herbs, it promotes regularity without causing dependency and helps maintain overall digestive health.', 369.15, 'Health Conditions', 22, '693103810f93f_softovac_sf_1.jpeg', '2025-11-14 03:27:09', 'Digestive Care', 'Lupin Ltd', 49.19, 25, '[\"It contains natural ingredients.\\r\",\"Provides effective relief from constipation.\\r\",\"The powder is sugar-free and non-habit forming.\\r\",\"Helps activate the secretion of digestive juices.\\r\",\"It contains ingredients with laxative properties and benefits for indigestion.\"]', 'Cassia Fistula ( Aragvadha ) (0.2 Gm) + Hemej Terminalia Chebula (0.3 Gm) + Isabgol (3.5 Gm) + Mulethi Glycyrrhiza Glabra (0.25 Gm) + Saunf Foeniculum Vulgare (0.25 Gm) + Sonamukhi (0.15 Gm)', 'Regulates Bowel Function: The powder contains natural Ayurvedic ingredients that help regulate bowel movements and maintain digestive health.\r\nNon-Addictive Formula: It can provide effective relief from constipation without causing dependency.\r\nSugar-Free: It is suitable for those who need to avoid sugar, such as persons with imbalanced blood sugar levels.\r\nActivates Digestive Juices: It helps stimulate the secretion of digestive juices to enhance digestion.\r\nFacilitates Bowel Movement: It contains Sonamukhi and Amaltas, which have properties that help in the smooth evacuation of stools.\r\nImproves Indigestion Symptoms: Saunf helps manage flatulence and improve symptoms of indigestion.', 'Dosage: Adult- 1-2 teaspoonfuls (5-10 g) followed by a glass of lukewarm water at bedtime or as recommeneded by your physician.', 'For oral consumption only.\r\nKeep out of reach of children.\r\nStore in a cool, dry place away from direct sunlight.\r\nConsult a healthcare professional before use if you are pregnant, nursing, or have any pre-existing medical conditions.\r\nIf any adverse reactions occur, discontinue use and consult a healthcare professional.', 'Good to Know:Softovac SF Powder is a natural and effective remedy for managing constipation and maintaining digestive health without causing dependency;It has a high-fibre formula enriched with natural actives\r\nQuick Tips:Drink plenty of water throughout the day to enhance the effects of the product and maintain hydration;Include lots of fibre like green leafy vegetables in your diet to support regular bowel movements\r\nAllergy Information:It contains sodium benzoate. Consult a healthcare professional if you have concerns about allergic reactions\r\nConcerns It Can Help With:Constipation;Stomach discomfort;Irregular bowel movements;Frequency of product usage;Use daily or as directed by a healthcare professional.\r\nOther Information:Product Form:- Powder', '[\"What is Softovac SF Powder used for?:Softovac SF Powder is used for regulating bowel function, relieving constipation, and improving digestion with natural ayurvedic ingredients.\\r\",\"How does Softovac SF Powder work?:The powder contains ingredients like Isabgol and Sonamukhi that help soften stools and promote regular bowel movements, while other ingredients like Amaltas and Saunf help improve digestion and manage flatulence.\\r\",\"Are there any side effects?:Softovac SF Powder is generally safe for use. However, if you experience any adverse reactions, discontinue use and consult a healthcare professional immediately.\\r\",\"Is Softovac SF Powder suitable for children?:Consult a healthcare professional before using this product for children.\\r\",\"What should I do if I miss a dose?:If you miss a dose, take it as soon as you remember. If it is close to your next dose, skip the missed dose and continue your regular schedule.\\r\",\"Is Softovac SF safe for daily use?:Softovac SF is generally safe for daily use as directed. Long-term use should be supervised by a doctor, especially with other health conditions.\"]', 'Dr. Nikhil Sharma', 'Medical Content Writer | 9 years PhD in Chemistry', 'Dr. Sachin Singh', 'Lead Medical Content Reviewer | 11 years MBBS, DNB (OBGY)', 'Kalpataru Inspire, 3rd Floor, Off. Western Express Highway, Santacruz (East), Mumbai\n\nCountry of origin: INDIA\nExpiry on or after: April 2026\n\nIn case of any issues, contact us:\nsupport@medicare.com|06257814252\nAddress: 6th floor, Urmi Corporate Park Street, Atal Sharani Road, Kolkata 700054.', 'We, at Medicare make a diligent attempt to deliver accurate, expert- drafted and thoroughly reviewed medicine related information to our consumers. However, it should, by no means, be considered a substitute for prescription from a certified doctor or a trustworthy doctor-patient relationship. In fact we detest any form of self medication without expert advice. The sole purpose of the information on our portal is to educate our consumers, which helps improve the communication between a doctor and a patient. The information by no means is complete in its entirety and should not be used to diagnose or treat any medical condition. No amount of information can replace the experience and expertise of a doctor, therefore his/her advice always holds priority and should be followed appropriately.'),
(7, 'Refresh Tears Eye Drops 10ml', 'Refresh Tears Eye Drops help relieve dryness and irritation in the eyes by providing long-lasting moisture. It contains Sodium Carboxymethyl Cellulose, which acts like natural tears to keep eyes hydrated, and Oxychloro Complex, which helps reduce the risk of contamination. These drops soothe redness, burning, and discomfort caused by wind, sun, screen time, or air conditioning. They are gentle, safe for daily use, and suitable for sensitive eyes.', 109.68, 'Health Conditions', 18, '69324f8d37a67_Refresh_Tears_Eye_Drops_1.jpg', '2025-11-14 03:35:30', 'Eye Care', 'Abbvie Therapeutics India Private Limited', 129.04, 15, '[\"Helps relieve dry eyes.\\r\",\"Provides long-lasting moisture.\\r\",\"Mimics natural tears and lubricates the eyes.\\r\",\"Protects against environmental factors.\\r\",\"Soothes irritation, redness, and discomfort.\\r\",\"Supports temporary relief from burning and a gritty sensation.\"]', 'Oxychloro Complex (0.005 %) + Sodium Carboxymethyl Cellulose (0.5 %)', 'Helps Relieve Dry Eye Symptoms: Refresh Tears Eye Drops act as artificial tears, providing long-lasting moisture and lubrication to alleviate dryness caused by reduced tear production, environmental factors, or prolonged screen exposure.\r\nSoothes Eye Irritation and Discomfort: Helps reduce irritation, burning, and the sensation of grittiness in the eyes caused by dryness, wind, dust, air conditioning, or extended use of contact lenses.\r\nProtects and Stabilises the Tear Film: Forms a protective layer over the eye surface, enhancing tear stability and helping manage excessive moisture evaporation, ensuring sustained hydration.\r\nEases Digital Eye Strain: Beneficial for individuals who experience eye fatigue, strain, or dryness due to prolonged computer or mobile screen usage.\r\nSupports Post-Surgical Eye Care: Can be used as part of post-operative eye care to keep the eyes moisturised and comfortable after laser or cataract surgery, as recommended by a doctor.', 'Use it as advised by the physician.', 'Read the label carefully before use.\r\nKeep out of the reach of children.\r\nStore in a cool, dry place away from direct sunlight, moisture and heat. \r\nFor external use only.\r\nAvoid touching the nozzle tip to avoid contamination. \r\nUse within one month of opening. \r\nConsult a doctor if you have sensitivities. \r\nInstil as directed by the physician. ', 'Good to Know:Contains an oxychloro complex that manages microbial contamination while being gentle on the eyes;Acts as an artificial tear without medicinal properties, making it suitable for frequent use;Often prescribed for individuals with chronic dry eye syndrome, post-surgical care, or those exposed to harsh environmental conditions\r\nQuick Tips:Ensure hands are clean to avoid contamination while applying the drops;Do not touch the dropper tip to avoid contamination that could lead to eye infections;Discard the bottle if not used within 30 days after opening;Keep in a cool, dry place, away from direct sunlight and heat;Use as recommended by your doctor or as needed for relief\r\nConcerns It Can Help With:Dry Eye Syndrome;Eye Strain;Environmental Irritants;Post-Surgical Eye Care;Contact Lens Discomfort', '[\"What is the use of Refresh Tears Eye Drops?:Refresh Tears Eye Drops are used to relieve dryness and irritation caused by reduced tear production. They lubricate and soothe the eyes, providing quick comfort from burning or discomfort.\\r\",\"Can I use these eye drops while wearing contact lenses?:Remove contact lenses before applying the drops and wait at least 15 minutes before reinserting them.\\r\",\"Can Refresh Tears be used for eye infections?:No, these drops are lubricants and do not manage infections. If you suspect an infection, consult a doctor for a proper regimen.\\r\",\"Can children use these eye drops?:Consult a paediatric ophthalmologist before using on children, though they are generally considered safe for all ages.\"]', 'Dr. Boban Raju ', 'Medical Content Reviewer | 5 years MBBS', 'Dr. Mandeep Chadha', 'Lead Medical Content Reviewer | 11 years MBBS, DNB (OBGY)', 'PRESTIGE OBELISK LEVEL 6 AND LEVEL 7 KASTURBA ROAD , BANGALORE, Karnataka, India - 560001\n\nCountry of origin: INDIA\nExpiry on or after: Augest 2026\n\nIn case of any issues, contact us:\nsupport@medicare.com|06257814252\nAddress: 6th floor, Urmi Corporate Park Street, Atal Sharani Road, Kolkata 700054.', 'We, at Medicare make a diligent attempt to deliver accurate, expert- drafted and thoroughly reviewed medicine related information to our consumers. However, it should, by no means, be considered a substitute for prescription from a certified doctor or a trustworthy doctor-patient relationship. In fact we detest any form of self medication without expert advice. The sole purpose of the information on our portal is to educate our consumers, which helps improve the communication between a doctor and a patient. The information by no means is complete in its entirety and should not be used to diagnose or treat any medical condition. No amount of information can replace the experience and expertise of a doctor, therefore his/her advice always holds priority and should be followed appropriately.'),
(8, 'Nicotex 2mg Paan Flavour Sugar Free Nicotine Gums 12', 'Nicotex 2mg Paan Flavour Sugar-Free Nicotine Gum is used for relieving nicotine cravings and managing your commitment to quitting smoking. This gum helps ensure a controlled release of nicotine, helping to reduce the severity of withdrawal symptoms and cravings without the harmful gases associated with smoking. Experience the paan freshness with each chew, making the quitting process more enjoyable and refreshing. The sugar-free formula helps promote oral health, allowing you to break free from smoking habits without compromising your dental care. Nicotex 2mg Chewing Gum provides small and sustained quantities of nicotine, helping you to receive the necessary support to overcome the challenges of quitting smoking.', 96.80, 'Health Conditions', 25, '693254f2c6ca5_Nicotex_Gums_1.jpg', '2025-11-14 03:40:35', 'Smoking Cessation', 'Cipla Health Limited', 123.01, 20, '[\"Helps reduce nicotine cravings.\\r\",\"Helps promote oral health by assisting in a smoke-free life.\\r\",\"It may improve lung health by reducing smoke and tar intake.\\r\",\"Helps enhance respiratory function.\\r\",\"It may manage coughing and shortness of breath.\\r\",\"Sugar-free formulation.\"]', 'Nicotine Polacrilex: It is a nicotine compound bound to a resin, used in nicotine replacement therapies like Nicotex gum. It releases nicotine slowly when chewed, helping to reduce withdrawal symptoms and cravings associated with quitting smoking. This controlled release mechanism allows users to help manage their nicotine intake gradually, assisting in the cessation process without the harmful effects of tobacco.', 'Helps Reduce Cravings: Nicotex gum helps reduce nicotine cravings by providing a controlled release of nicotine, making it easier to resist the urge to smoke.\r\nHelps Manage Withdrawal Symptoms: It helps alleviate common withdrawal symptoms such as irritability, anxiety, and difficulty concentrating, assisting in a smoother transition to a smoke-free life.\r\nPromotes Oral Health: Being sugar-free, Nicotex gum helps maintain oral hygiene, managing cavities and other dental issues often associated with sugary products.\r\nHelps Improve Lung Health: By helping you quit smoking, Nicotex gum assists in reducing the intake of harmful smoke and tar, allowing your lungs to recover and function more efficiently over time.\r\nRespiratory Function: Using Nicotex to quit smoking may lead to better respiratory function, helping reduce symptoms like coughing and shortness of breath, and improving overall breathing capacity.', 'Chew the gum slowly til you get the taste of nicotine.\r\nPlace and rest between your cheeks and gums.\r\nWhen the taste fades, repeat step 1.', 'Read the label carefully before use.\r\nKeep out of the reach of children.\r\nStore at room temperature.\r\nProtect from excessive heat and direct sunlight.', 'Good to Know:Sugar-free gums;Paan flavour;Helps quit smoking;2 mg for less than 20 cigarettes/day\r\nQuick Tips:Avoid eating or drinking 15 minutes before and during chewing to maximise effectiveness;Gradually reduce the number of gums used per day as your cravings decrease\r\nConcerns It Can Help With:Nicotine cravings;Withdrawal symptoms;Smoking cessation support;Anxiety related to quitting smoking', '[\"How does Nicotex gum help in quitting smoking?:Nicotex gum provides controlled nicotine release to help reduce cravings and withdrawal symptoms, making it easier to quit smoking gradually.\\r\",\"Can I use Nicotex gum while pregnant or breastfeeding?:Consult your healthcare provider before using Nicotex gum if you are pregnant or breastfeeding, as nicotine can affect your baby.\\r\",\"How long should I use Nicotex gum?:Typically, Nicotex gum is used for about 12 weeks, but the duration can vary based on individual needs and the recommendation of a healthcare provider.\\r\",\"Can Nicotex gum cause any side effects?:Some users may experience mild side effects like mouth irritation, hiccups, or an upset stomach. If severe side effects occur, stop using the gum and consult a healthcare provider.\\r\",\"Is Nicotex gum safe for everyone?:Nicotex gum is generally safe for most adults. However, it is important to consult a healthcare provider if you have any medical conditions or are taking other medications.\"]', 'Dr. Divya Mandial', 'Medical Content Writer | 9 years PhD in Chemistry', 'Dr. Mandeep Chadha', 'Lead Medical Content Reviewer | 11 years MBBS, DNB (OBGY)', 'FOFB-11, B WING, FOURTH FLOOR, ART GUILD HOUSE PHOENIX MARKETCITY, L.B.S MARG, KURLA (W EST) , MUMBAI, MAHARASHTRA, INDIA - 400070.\r\n\r\nCountry of origin: INDIA\r\nExpiry on or after: April 2026\r\n\r\nIn case of any issues, contact us:\r\nsupport@medicare.com|06257814252\r\nAddress: 6th floor, Urmi Corporate Park Street, Atal Sharani Road, Kolkata 700054.', 'We, at Medicare make a diligent attempt to deliver accurate, expert- drafted and thoroughly reviewed medicine related information to our consumers. However, it should, by no means, be considered a substitute for prescription from a certified doctor or a trustworthy doctor-patient relationship. In fact we detest any form of self medication without expert advice. The sole purpose of the information on our portal is to educate our consumers, which helps improve the communication between a doctor and a patient. The information by no means is complete in its entirety and should not be used to diagnose or treat any medical condition. No amount of information can replace the experience and expertise of a doctor, therefore his/her advice always holds priority and should be followed appropriately.');
INSERT INTO `products` (`id`, `name`, `description`, `price`, `category`, `stock`, `image`, `created_at`, `subcategory`, `manufacturer`, `mrp`, `discount_percent`, `features`, `composition`, `key_uses`, `how_to_use`, `safety_information`, `additional_information`, `faq`, `certified_writer`, `certified_writer_title`, `certified_reviewer`, `certified_reviewer_title`, `manufacturer_details`, `disclaimer`) VALUES
(9, 'Health Ok For Men Tablet 10', 'Health OK for Men Tablet is used to boost energy, immunity, and overall health. It contains ginseng, taurine, and 19 essential vitamins and minerals that help fight fatigue, improve stamina, and support daily performance. It’s a vegetarian multivitamin that keeps you active and healthy throughout the day.', 85.42, 'Vitamins & Supplements', 25, 'health_ok_1.jpg', '2025-11-15 04:06:54', 'Multivitamins Multiminerals And Antioxidants', 'Mankind Pharmaceuticals Ltd.', 106.78, 20, '[\"It is rich in essential vitamins, minerals and amino acids for boosting overall health.\\r\",\"Might help improve energy levels.\\r\",\"Helps sustain a hectic routine as well as age-related weakness.\\r\",\"Supports healthy immunity.\\r\",\"Works on improving physical and cognitive health.\"]', 'Biotin (30 Mcg) + Calcium D Pantothenate (400 Mcg) + Chromium Picolinate (266 Mcg) + Cyanocobalamin / Vitamin B12 (1 Mcg) + Dl-methionine (2.2 Mg) + Elemental Copper (0.5 Mg) + Elemental Iodine (100 Mcg) + Elemental Iron (7.5 Mg) + Elemental Magnesium (7.43 Mg) + Elemental Manganese (1.4 Mg) + Elemental Selenium (10 Mcg) + Elemental Zinc (5 Mg) + Folic Acid (100 Mcg) + Ginseng Extract (42.5 Mg) + L-arginine (13.28 Mg) + L-histidine (4.35 Mg) + L-isoleucine (8.25 Mg) + L-leucine (13.45 Mg) + L-lysine (11.07 Mg) + L-phenylalanine (9.04 Mg) + L-threonine (6.38 Mg) + L-tryptophan (2.03 Mg) + L-valine (7.91 Mg) + Riboflavin / Vitamin B2 (1.1 Mg) + Taurine (500 Mg) + Thiamine / Vitamin B1 (1 Mg) + Vitamin A / Retinol (600 Mcg) + Vitamin B3 / Niacin (12 Mg) + Vitamin B6 / Pyridoxine (1.5 Mg) + Vitamin C / Ascorbic Acid (40 Mg) + Vitamin D (5 Mcg) + Vitamin E (8 Mg)', 'Boosts Energy Levels: Contains ginseng and taurine, which are known to enhance physical and mental stamina. It provides sustained energy throughout the day, reducing fatigue and lethargy.\r\nEnhances Immunity: Packed with immune-boosting vitamins like Vitamin C, Vitamin D and zinc, it strengthens your body’s natural defences. It helps manage common illnesses and promotes quicker recovery.\r\nPromotes Overall Well-Being: The 19 vitamins and minerals support essential bodily functions, including metabolism and cellular repair. Helps in maintaining heart, brain, and bone health.\r\nImproves Mental Focus: Ingredients like taurine contribute to better mental clarity, focus, and cognitive performance and can help in multitasking efficiently.\r\nSupports Physical Fitness: It might help in muscle recovery and endurance, making it an ideal choice for active individuals and gym-goers. It encourages better performance during workouts or other physical activities.\r\nVegetarian-Friendly Formula: HealthOK is 100% vegetarian, making it suitable for individuals with plant-based dietary preferences. Free from animal-derived ingredients, ensuring it aligns with ethical dietary practices.\r\nRefreshing Lemon Flavor: Its zesty lemon flavour adds a refreshing taste to the tablet, making it enjoyable to consume daily.\r\nConvenient Daily Supplement: Easy-to-use, single-tablet formulation simplifies your health routine. Helps you maintain energy and health without extra effort.', 'Take this medicine only after the main meal since you may experience nausea on an empty stomach.', 'Do not exceed the recommended dosage.\r\nKeep out of reach of children.\r\nIf any adverse reactions occur, discontinue use and consult a healthcare professional.\r\nStore in a cool, dry place away from direct sunlight.\r\nPregnant or lactating women and people with any medical condition should consult a doctor before use.', 'Good to Know:Vegetarian product;Suitable for men\r\nQuick Tips:Use regularly to experience sustained energy and health benefits;Complement the tablet with a balanced diet and regular exercise for maximum results;Ensure adequate water intake to enhance the supplement’s effectiveness\r\nConcerns It Can Help With:Immunity health;Cognitive health;Nutritional health', '[\"What is Health OK tablet used for?:Health OK Tablet is used to support overall health, energy, and immunity. It should be taken as a supplement along with a balanced diet under medical guidance.\\r\",\"Is HealthOK safe for daily use?:Yes, HealthOK is safe for daily use when taken as per the recommended dosage. It is made with 100% vegetarian ingredients and is free from harmful additives.\\r\",\"Are there any side effects of HealthOK for Men Tablet?:HealthOK is generally well-tolerated. However, individuals with allergies to specific ingredients should consult a doctor before use.\\r\",\"Can vegetarians use HealthOK for Men Tablet?:Yes, HealthOK is 100% vegetarian and suitable for individuals following a plant-based diet.\"]', 'Dr. Boban Raju', 'Medical Content Reviewer | 5 years MBBS', 'Dr. Mandeep Chadha', 'Lead Medical Content Reviewer | 11 years MBBS, DNB (OBGY)', '208, Okhla Industrial Estate, Phase-III, New Delhi South Delhi DL 110020 IN\r\n\r\nCountry of origin: INDIA\r\nExpiry on or after: March 2026\r\nIn case of any issues, contact us:\r\nsupport@medicare.com|06257814257\r\nAddress: 6th floor, Urmi Corporate Park Street, Atal Sharani Road, Kolkata 700054.', 'We, at Medicare make a diligent attempt to deliver accurate, expert- drafted and thoroughly reviewed medicine related information to our consumers. However, it should, by no means, be considered a substitute for prescription from a certified doctor or a trustworthy doctor-patient relationship. In fact we detest any form of self medication without expert advice. The sole purpose of the information on our portal is to educate our consumers, which helps improve the communication between a doctor and a patient. The information by no means is complete in its entirety and should not be used to diagnose or treat any medical condition. No amount of information can replace the experience and expertise of a doctor, therefore his/her advice always holds priority and should be followed appropriately.'),
(10, 'Vitacip Capsule 10', 'Vitacip Capsule 10 is used for supporting strength, immune health and energy levels.  It is a unique combination of high-quality milk proteins, Vitamin B1 & B2, Vitamin A, C, D, E, B12, Folate and Iron. It also includes energy-producing elements, antioxidants and carbs to provide nutritional needs and is low in fat.  Vitacip Capsule 10 has zero trans-fats and contains high protein + 8 immuno nutrients that promote overall.', 58.39, 'Vitamins & Supplements', 28, 'Vitacip_Capsule_1.jpg', '2025-11-16 04:04:55', 'Calcium & Minerals', 'Cipla Ltd.', 117.01, 50, '[\"Offers energy and enhances strength and stamina.\\r\",\"Improves workout performance.\\r\",\"Promotes bone health. \\r\",\"Boosts immune health.\\r\",\"25 vital nutrients to support.\"]', 'Calcium (76.9 Mg) + Copper (0.52 Mg) + Folic Acid (0.08 Mg) + Iodine (0.1 Mg) + Iron (10 Mg) + Magnesium (3.13 Mg) + Manganese (0.6 Mg) + Methylcobalamin (0.8 Mcg) + Panax Ginseng Extract Powder (212.5 Mg) + Phosphorus (59.43 Mg) + Potassium (2.07 Mg) + Vitamin A (1500 Iu) + Vitamin B1 (1 Mg) + Vitamin B2 (1.4 Mg) + Vitamin B3 (10 Mg) + Vitamin B6 (Pyridoxine) (0.8 Mg) + Vitamin C / Ascorbic Acid (33 Mg) + Vitamin D3 (Cholecalciferol) (300 Iu) + Vitamin E (7 Mg) + Zinc (10.29 Mg)', 'Enhances Energy and Stamina: The body requires large quantities of naturally occurring amino acids daily and the concentrated powder provides an ultra-macronutrient protein composition that meets those demands. Protein is rapidly absorbed and broken down by the body due to its high bioavailability. Therefore, thought to be the most effective in increasing strength and endurance. It provides energy and helps boost strength and stamina.\r\nSupports Immune Health: This supplement has 25 vital minerals and vitamins to boost immunity and metabolism. They help strengthen your defences against the condition. One well-known function is to support the body\'s defences against different conditions. Taking this prohance powder regularly may help maintain a strong immune system. \r\nPromotes Healthy Bones: Vitamin D helps assist in the absorption of calcium and phosphorus which is essential in maintaining healthy bones. It helps in the formation, growth and regeneration of bones. It is also beneficial in managing the symptoms related to bone disorders like osteoporosis and osteomalacia.\r\nManages Nutritional Deficiency: It helps promote the body to transport nutrients throughout the body and transform food into energy. Protinex contains Vitamin B9, Vitamin B12 and Zinc, along with 25 vital nutrients, including high-quality proteins, carbohydrates and fats which are essential nutrients for our body.\r\nImproves Workout Performance:  Your body can readily and quickly absorb instantised whey to improve metabolism. Protein and other components help promote a healthy metabolism.', 'Take one tablet daily after any meal or as directed by the doctor.', 'Read the label carefully before use.\r\nStop consuming two weeks before surgery.\r\nKeep out of the reach of children.\r\nStore in a cool, dry and dark place.\r\nKeep away from direct sunlight, heat and moisture.\r\nDo not exceed the recommended dosage.\r\nIt is recommended to be consumed after meals.', 'Good to Know:Gluten-free;Diet Type: vegetarian\r\nQuick Tips:Include dairy products like milk, yoghurt and cheese in your diet;Eat green leafy vegetables and nuts;Avoid or reduce the intake of caffeine, soft drinks and alcohol that inhibit calcium absorption\r\nAllergy Information:This product contains soya oil. People who are allergic are advised to consult a doctor before using this supplement\r\nConcerns It Can Help With:Weakness;Muscle health;Immune system health;Lack of vitamins and minerals', '[\"Can this medicine be taken during pregnancy and breastfeeding?:Pregnant or lactating women and people with any medical condition should consult a doctor before using this supplement.\\r\",\"Is it safe to consume alcohol while taking this medication?:Avoid or reduce the intake of caffeine, soft drinks and alcohol that inhibit calcium absorption.\\r\",\"Do I need to stop taking Vitacip Capsule 10 to have any surgery?:If your doctor prescribes it, you should cease taking Vitacip Capsule 10 at least two to three weeks before the procedure.\"]', 'Dr. Divya Mandial', 'Medical Content Writer | 9 years PhD in Chemistry', 'Dr. Mandeep Chadha', 'Lead Medical Content Reviewer | 11 years MBBS, DNB (OBGY)', 'Cipla House, Peninsula Business Park, Ganpatrao Kadam Marg, Lower Parel, Mumbai-400013\n\nCountry of origin: INDIA\nExpiry on or after: October 2026\nIn case of any issues, contact us:\nsupport@medicare.com|06257814252\nAddress: 6th floor, Urmi Corporate Park Street, Atal Sharani Road, Kolkata 700054.', 'We, at Medicare make a diligent attempt to deliver accurate, expert- drafted and thoroughly reviewed medicine related information to our consumers. However, it should, by no means, be considered a substitute for prescription from a certified doctor or a trustworthy doctor-patient relationship. In fact we detest any form of self medication without expert advice. The sole purpose of the information on our portal is to educate our consumers, which helps improve the communication between a doctor and a patient. The information by no means is complete in its entirety and should not be used to diagnose or treat any medical condition. No amount of information can replace the experience and expertise of a doctor, therefore his/her advice always holds priority and should be followed appropriately.'),
(11, 'Sugar Free Gold Plus With Chromium Pellets 500', 'Sugar-Free Gold Plus with Chromium Pellets is used for supporting healthy blood sugar levels, especially for those managing diabetes or metabolic health. It contains Chromium Picolinate, an essential mineral that enhances the body\'s ability to metabolise glucose and regulate insulin sensitivity. The addition of Sucralose, a sugar substitute, ensures that the product remains calorie-free while maintaining a sweet taste. Ideal for individuals looking to control their blood sugar, this supplement promotes weight management and helps curb sugar cravings.', 276.00, 'Diabetes Care', 23, 'Sugar_Free_Gold_Plus_1.jpeg', '2025-11-16 04:32:53', 'Sugar Substitutes', 'Zydus Wellness', 300.00, 8, '[\"Supports healthy blood sugar levels.\\r\",\"Regulates insulin sensitivity.\\r\",\"Contains Chromium Picolinate, a mineral essential for glucose metabolism.\\r\",\"Uses Sucralose as a sweetener, making it safe for those managing calorie intake.\\r\",\"Helps promote weight management by stabilising blood sugar and reducing cravings.\\r\",\"Convenient pellet form for easy consumption and quick absorption.\\r\",\"Ideal for individuals with diabetes or those looking to manage blood sugar naturally.\"]', 'All Other Combinations (0 Mg)', 'Supports Healthy Blood Sugar Levels: Sugar-Free Gold Plus with Chromium Pellets is designed to support healthy blood sugar levels, making it an ideal choice for individuals managing diabetes or prediabetes. The key ingredient in this supplement helps regulate insulin sensitivity and improves glucose metabolism, enabling the body to use insulin more effectively.\r\nEnhances Insulin Sensitivity: The Chromium Picolinate in SSugar-FreeGold Plus helps enhance the body’s ability to respond to insulin. By improving insulin sensitivity, it supports the body\'s natural ability to maintain balanced glucose levels, reducing the risk of insulin resistance, a key factor in type 2 diabetes.\r\nHelps in Weight Management: By improving the body’s ability to metabolise carbohydrates, fats and proteins, Chromium Picolinate helps manage weight more effectively. It can reduce sugar cravings, which often lead to overeating or unhealthy snacking, thus supporting weight loss or maintenance. \r\nReduces Sugar Cravings: Chromium Picolinate helps reduce sweet cravings by stabilising blood sugar levels and improving insulin function. As a result, Sugar-Free Gold Plus helps curb the desire for sweet snacks and sugary treats, making it easier for individuals to make healthier food choices and avoid excessive sugar intake.\r\nSupports Cardiovascular Health: By regulating blood sugar levels, Chromium Picolinate not only improves glucose metabolism but also supports overall cardiovascular health. Chromium Picolinate helps stabilise cholesterol levels, further benefiting heart health.\r\nProvides a Calorie-Free Sweetness: Sugar-Free Gold Plus uses Sucralose as a sweetener, which is a zero-calorie sugar substitute. Sucralose provides the sweet taste that individuals crave without the calories, making it an excellent choice for those watching their calorie intake.\r\nImproves Energy Levels: By enhancing glucose metabolism, Sugar-Free Gold Plus helps improve energy production. With better regulation of blood sugar and insulin, the body can convert glucose into energy more efficiently. This can help reduce feelings of fatigue or sluggishness often associated with blood sugar imbalances. \r\nSupport Metabolic Health: Sugar-Free Gold Plus is beneficial for individuals looking to improve overall metabolic health. Chromium Picolinate helps in the efficient breakdown of macronutrients such as carbohydrates, proteins and fats.', 'As directed by your healthcare provider.', 'Read the label carefully before use.\r\nKeep out of the reach of children.\r\nStore in a cool, dry and dark place.\r\nDo not refrigerate.\r\nKeep in a cool & dry Place.\r\nDo not crush.\r\nKeep away from direct sunlight, heat and moisture.\r\nDisclaimer:\r\n\r\nThis product is not intended to diagnose, treat, cure or prevent any disease.\r\nDiscontinue use and consult your physician if you experience any side effects.', 'Good to Know:It is safe for daily consumption;An average person with a body weight of 70 kg can safely consume 50 Pellets per day of Sugar-Free Gold;This product is sugar-free, making it suitable for individuals with diabetes, prediabetes or anyone seeking to reduce sugar intake. It also has no artificial flavours or preservatives;Diet Type: Vegetarian\r\nQuick Tips:To further support blood sugar management, combine this supplement with a balanced diet and regular physical activity.;Avoid excessive consumption of high-glycemic foods\r\nAllergy Information:It contains lactose. If you are lactose intolerant, consult your healthcare provider before using this product\r\nConcerns It Can Help With:Diabetes management;Weight management;Excessive sugar cravings\r\nBlood sugar spikes after meals', '[\"Is Sugar-Free Gold Plus safe for people with diabetes?:Yes, Sugar-Free Gold Plus is specifically designed for individuals with diabetes. It helps regulate blood sugar levels and improve insulin sensitivity without adding sugar to your diet.\\r\",\"How does Chromium Picolinate help with blood sugar management?:Chromium Picolinate enhances the action of insulin, helping the body process glucose more efficiently. This improves blood sugar control and reduces the risk of spikes and crashes.\\r\",\"Is Sucralose safe to consume regularly?:Yes, Sucralose is considered safe for daily consumption by health authorities such as the FDA and EFSA. It has no effect on blood sugar levels and is a popular alternative for people seeking to reduce sugar intake.\\r\",\"Can I take this product with other diabetes medications?:It is recommended to consult your healthcare provider before combining this product with other diabetes medications to ensure compatibility and avoid potential interactions.\\r\",\"Can I use Sugar-Free Gold Plus with other weight management products?:Yes, Sugar-Free Gold Plus can be part of a weight management plan, as it helps control blood sugar spikes and cravings. However, it is best to consult your healthcare provider before combining it with other weight loss supplements.\\r\",\"Can I take more than the recommended dose for faster results?:It is important to follow the recommended dosage to avoid potential side effects. Taking more than the recommended amount may not improve results and can lead to unwanted reactions.\\r\",\"Is Sugar-Free Gold Plus available in other flavors?:Currently, this product is available in its standard formulation but check with the manufacturer for any new flavor options.\"]', 'Dr. Divya Mandial', 'Medical Content Writer | 9 years PhD in Chemistry', 'Dr. Mandeep Chadha', 'Lead Medical Content Reviewer | 11 years MBBS, DNB (OBGY)', 'Zydus Corporate Park S No 536, Sarkhej-Gandhinagar Highway,Ahmedabad,Gujarat-382481\n\nCountry of origin: INDIA\nExpiry on or after: March 2026\n\nIn case of any issues, contact us:\nsupport@medicare.com|06257814252\nAddress: 6th floor, Urmi Corporate Park Street, Atal Sharani Road, Kolkata 700054.', 'We, at Medicare make a diligent attempt to deliver accurate, expert- drafted and thoroughly reviewed medicine related information to our consumers. However, it should, by no means, be considered a substitute for prescription from a certified doctor or a trustworthy doctor-patient relationship. In fact we detest any form of self medication without expert advice. The sole purpose of the information on our portal is to educate our consumers, which helps improve the communication between a doctor and a patient. The information by no means is complete in its entirety and should not be used to diagnose or treat any medical condition. No amount of information can replace the experience and expertise of a doctor, therefore his/her advice always holds priority and should be followed appropriately.'),
(12, 'Neurobion Forte Tablet 30', 'Neurobion Forte Tablets are used to address Vitamin B deficiencies, including B1, B6, and B12. They help relieve tingling, numbness, and weakness, supporting nerve health and overall well-being. These tablets also help replenish essential vitamins to support metabolism and improve overall vitality.', 37.87, 'Vitamins & Supplements', 30, 'neurobion_forte_1.jpg', '2025-11-17 03:03:05', 'Vitamin B12 And B Complex', 'Procter & Gamble Hygiene & Healthcare Ltd.', 44.56, 15, '[\"Helps relieve tingling, numbness and weakness.\\r\",\"Enriched with B-complex vitamins.\\r\",\"Supports nerve health.\\r\",\"Enhances energy metabolism.\\r\",\"May promote immune function.\"]', 'Calcium Pantothenate (50 Mg) + Cyanocobalamin (15 Mcg) + Nicotinamide (45 Mg) + Riboflavine (10 Mg) + Thiamine Mononitrate (10 Mg) + Vitamin B6 / Pyridoxine (3 Mg)', 'Supports Nerve Health: The B vitamins help in the regeneration and protection of nerve cells, reducing symptoms like tingling, numbness, and nerve weakness caused by vitamin B deficiencies.\r\nManages Vitamin B Deficiency: It helps relieve the symptoms of Vitamin B deficiency like tingling, numbness and weakness. Neurobion Forte Tablet helps support nerve health and manage nerve-related discomforts.\r\nHelps Boost Energy Metabolism: The tablet helps in the conversion of food into energy, helping to reduce fatigue, weakness, and tiredness by supporting carbohydrate, protein, and fat metabolism.\r\nImmune System: Helps improve immune response by supporting the production of white blood cells and maintaining overall health and wellness.\r\nRed Blood Cell Formation: Contributes to the production of red blood cells, reducing the risk of anaemia and improving oxygen transport in the body.\r\nHeart and Circulatory Health: Helps maintain proper blood circulation, manages nerve damage linked to poor blood flow, and may contribute to heart health.\r\nPromotes Healthy Skin and Hair: B vitamins are essential for cell growth and repair, contributing to healthier skin, hair, and nails while managing dryness and irritation.', 'Two tablets daily or as directed by the physician.', 'Read the label carefully before use.\r\nKeep out of the reach of children.\r\nStore in a cool, dry place away from direct sunlight, moisture and heat.\r\nDo not exceed the recommended dosage.\r\nStore at or below 25°C.', 'Good to Know:Contains essential B vitamins that support nerve health, metabolism, and immunity\r\nQuick Tips:May interact with certain medications like anti-tuberculosis agents (isoniazid), heavy metal antagonists (penicillamine), vasodilators (hydralazine), and diuretics (furosemide);Should be taken after meals to improve absorption and avoid stomach discomfort;Not a substitute for a balanced diet—it should be taken along with a nutritious meal for optimal benefits;Excess intake may cause side effects like mild stomach upset or allergic reactions in sensitive individuals;Take the tablet with water, preferably after a meal, for better absorption;If you experience persistent numbness, tingling, or weakness, consult a healthcare provider\r\nEffects of Deficiency:Vitamin B deficiency can cause neuropathy, fatigue, anaemia, poor immunity, and cognitive issues. Neurobion Forte helps restore B vitamins to support nerve health and overall well-being\r\nConcerns It Can Help With:Vitamin B Deficiency;Neuropathy Symptoms;Immune System Support;Metabolism and Energy Levels;Anaemia;Nerve Cell Protection', '[\"What is Neurobion Forte Tablets used for?:Neurobion Forte Tablet is used to manage vitamin B-complex deficiency, such as tingling, numbness, or weakness. It supports healthy nerve function, energy metabolism, red blood cell formation, and immune system strength. Often taken when nutrients are low due to poor absorption, surgery, pregnancy, or a restricted diet.\\r\",\"Can I take Neurobion Forte daily?:Yes, it can be taken daily as per the recommended dosage or as advised by a doctor.\\r\",\"Does Neurobion Forte have any side effects?:It is generally well tolerated, but excessive intake may cause mild digestive issues, skin rash, or allergic reactions in sensitive individuals.\\r\",\"Is Neurobion Forte good for nerve pain?:Yes, it helps in nerve repair and reduces symptoms like tingling, numbness, and pain caused by vitamin B deficiencies.\\r\",\"Is Neurobion Forte Tablet good for B12 deficiency?:Yes, you can take Neurobion Forte for Vitamin B12 deficiency. Neurobion Forte contains a combination of B vitamins, including Vitamin B12 (cyanocobalamin), which is crucial for nerve health, red blood cell production, and DNA synthesis. It can be helpful in replenishing B12 levels if you have a deficiency due to diet, age, or certain health conditions.\"]', 'Dr. Boban Raju', 'Medical Content Reviewer | 5 years MBBS', 'Dr. Mandeep Chadha', 'Lead Medical Content Reviewer | 11 years MBBS, DNB (OBGY)', 'P&G Plaza, Cardinal Gracious Rd, Chakala, Andheri East, Mumbai, Maharashtra 400099\r\n\r\nCountry of origin: INDIA\r\nExpiry on or after: August 2026\r\n\r\nIn case of any issues, contact us:\r\n\r\nsupport@medicare.com|06257814252\r\nAddress: 6th floor, Urmi Corporate Park Street, Atal Sharani Road, Kolkata 700054.', 'We, at Medicare make a diligent attempt to deliver accurate, expert- drafted and thoroughly reviewed medicine related information to our consumers. However, it should, by no means, be considered a substitute for prescription from a certified doctor or a trustworthy doctor-patient relationship. In fact we detest any form of self medication without expert advice. The sole purpose of the information on our portal is to educate our consumers, which helps improve the communication between a doctor and a patient. The information by no means is complete in its entirety and should not be used to diagnose or treat any medical condition. No amount of information can replace the experience and expertise of a doctor, therefore his/her advice always holds priority and should be followed appropriately.'),
(13, 'Accu Chek Instant Blood Glucose Meter With 10 Test Strips Free', 'Accu Chek Instant Glucometer with 10 Test Strips Combo Pack is a beneficial and efficient tool used for accurately measuring and monitoring your blood glucose levels. This product is designed to be used without any hassle. This glucometer provides reliable and accurate results within seconds. It has a large screen that gives clear visibility of readings. Its wireless Bluetooth connectivity lets you sync the data with your smartphone.\r\nMin. glucose level measurement: 10-69 mg/dL \r\n \r\nMax, glucose level measurement: 160-600 mg/dL\r\n \r\nUses Clixomotion Technology: It precisely controls both the forward and return motion of the lancet. This minimises vibrations and oscillations, resulting in a gentler blood sampling experience.\r\n \r\nContents in the box: Glucometer: 1 Qty; Test Strip: 10 Qty; Accu-Chek Softclix Lancing Device: 1 Qty; Accu Chek Softlcix Lancets: 10 Qty; Carry Case: 1 Qty; Warranty Card and User Manual; Battery: 1 Qty; Quick Start Guide: 1 Qty.', 1306.97, 'Diabetes Care', 17, 'Accu_Chek_1.png', '2025-11-18 03:48:26', 'Blood Glucose Monitors', 'Roche', 1452.19, 10, '[\"Measures blood glucose levels with high accuracy.\\r\",\"Easy to use and convenient with a large display that makes it easy to read.\\r\",\"Has Bluetooth connectivity for seamless data transfer.\\r\",\"Uses Clixomotion Technology for a pain-free experience.\\r\",\"Has a target range indicator with 9 values.\"]', 'All Other Combinations (0 Mg)', 'Monitors Blood Glucose Level: Monitoring blood glucose levels involves regularly checking blood sugar to manage and control diabetes effectively.\r\nMaintaining Diabetes Effectively: This glucometer provides reliable and accurate results within seconds, therefore helping in managing diabetes.\r\nUses Clixomotion Technology: It precisely controls both the forward and return motion of the lancet. This minimises vibrations and oscillations, resulting in a gentler blood sampling experience.\r\nConvenient: It is easy and convenient to use at home. It comes with a large display that makes it easy to read results.\r\nBluetooth Connectivity: It has wireless Bluetooth connectivity for seamless data transfer and synchronization with your smartphone.\r\nComfortable to Use: It provides a painless experience and reduces any discomfort.', 'Insert the test strip in the glucometer.\r\nDraw a small amount of blood sample by pricking the finger with the lancet.\r\nPlace the drop of blood in the semicircle present on the test strip.\r\nWait to see the results.', 'Please keep it far away from the children.\r\nStore in a cool, dry place.\r\nDo not use expired test strips \r\nFollow the instructions beforehand carefully to ensure accurate readings.\r\nConsult your healthcare provider before making any changes to your diabetes management plan otherwise, you can see some side effects on yourself.', 'Good to Know:The ACCU CHEK INSTANT Glucometer is compatible with the mySugr app for easy data tracking;Provides accurate and fast results in less than 4 seconds.Uses Clixomotion Technology;Includes-Glucometer, 10 Test Strips, Lancing Device, Lancets, User Manual, Carrying Case.\r\nQuick Tips:Always carry your glucometer and test strips with you even while travelling;Check your blood glucose levels at different times of the day to get a comprehensive view of your health;Do not squeeze your finger when taking a blood drop sample\r\nConcerns It Can Help With:Early detection of hyperglycemia or hypoglycemia;Diabetes management and control\r\nArea of Application:Fingertips (primary site for blood sample collection)\r\nFrequency of product usage:As directed by your healthcare provider, typically twice a day or depending on your diabetes management plan\r\nOther Information:Battery-operated;CE marked for safety and reliability', '[\"How often should I calibrate the ACCU CHEK INSTANT glucometer?:First of all, you are supposed to ensure that you are only using fresh test strips for accurate results. You should also know that there is no use of manual calibration in the Accu Chek Instant S glucometer.\\r\",\"Can I use test strips from other brands with this glucometer?:For accurate results, it is recommended that you use Accu Chek Instant S test strips with the Accu Check Glucometer only.\\r\",\"How do I clean the glucometer?:You can clean the product with the help of a damp cloth and please do not immerse the cloth in water or alcohol-based cleaner.\\r\",\"What should I do if I get an error message?:You should refer to the user manual for troubleshooting tips or contact customer support for any kind of assistance or problem you are facing regarding the product.\"]', ' Dr. Divya Mandial', 'Medical Content Writer | 9 years PhD in Chemistry', ' Dr. Mandeep Chadha', 'Lead Medical Content Reviewer | 11 years MBBS, DNB (OBGY)', 'HOUSE NO. 220, PKT-8 SECTOR-22, ROHINI, NEAR BAJAJ PROPERTY Delhi North WestIN110086\r\n\r\nCountry of origin: INDIA\r\nExpiry on or after: March 2026\r\n\r\nIn case of any issues, contact us:\r\nsupport@medicare.com|06257814252\r\nAddress: 6th floor, Urmi Corporate Park Street, Atal Sharani Road, Kolkata 700054.', 'We, at Medicare make a diligent attempt to deliver accurate, expert- drafted and thoroughly reviewed medicine related information to our consumers. However, it should, by no means, be considered a substitute for prescription from a certified doctor or a trustworthy doctor-patient relationship. In fact we detest any form of self medication without expert advice. The sole purpose of the information on our portal is to educate our consumers, which helps improve the communication between a doctor and a patient. The information by no means is complete in its entirety and should not be used to diagnose or treat any medical condition. No amount of information can replace the experience and expertise of a doctor, therefore his/her advice always holds priority and should be followed appropriately.'),
(14, 'Ensure Diabetes Care Vanilla Flavour Zero Added Sucrose Refill Powder 950gm', 'Product Description of Ensure Diabetes Care Vanilla Flavour Zero Added Sucrose Refill Powder 950gm\r\nEnsure Diabetes Care Specialised Nutrition Drink Vanilla provides a specialised nutritional solution used for providing nutrition to people with diabetes. Its unique formulation which includes a low glycemic index and a slow-release energy system, may help in maintaining stable blood sugar levels throughout the day. The powder is rich in high-quality protein which supports muscle maintenance and overall physical health. Additionally, it features a heart-friendly fat blend, incorporating monounsaturated fats while being low in saturated fats. The delicious vanilla flavour enhances the enjoyment of daily nutritional intake.', 1726.95, 'Diabetes Care', 12, 'Ensure_Diabetes_Care_1.jpeg', '2025-11-18 04:04:11', 'Diabetic Diet', 'Abbott Healthcare Pvt. Ltd', 1985.00, 13, '[\"It provides nutritional support for diabetics. \\r\",\"The low glycemic index helps manage blood glucose response.\\r\",\"The slow-release energy system may support weight control by keeping you fuller for longer.\\r\",\"It has high-quality protein that helps maintain and build muscle mass.\\r\",\"It contains a heart-friendly fat blend with high monounsaturated fats and low saturated fats.\\r\",\"It is made with a unique combination of Fibersol, FOS and Inositol.\\r\",\"The powder contains 36 essential nutrients, including vitamins and minerals, to help support overall well-being. \"]', 'Beta Carotene (82 Mcg) + Biotin (13.8 Mcg) + Calcium (258 Mg) + Carnitine (26.2 Mg) + Chloride (480 Mg) + Choline (152.9 Mg) + Chromium (25.5 Mcg) + Copper (764 Mcg) + Cyanocobalamin / Vitamin B12 (1.48 Mcg) + Folic Acid (127 Mcg) + Fructooligosaccharides (3 Gm) + Inositol (305.7 Mg) + Iodine (58.2 Mcg) + Iron (4.73 Mg) + Magnesium (91 Mg) + Manganese (1.16 Mg) + Molybdenum (35.3 Mcg) + Phosphorus (258 Mg) + Potassium (568 Mg) + Riboflavin / Vitamin B2 (655 Mcg) + Selenium (16.4 Mcg) + Sodium (324 Mg) + Taurine (30.6 Mg) + Thiamine / Vitamin B1 (582 Mcg) + Vitamin A / Retinol (255 Mcg) + Vitamin B3 / Niacin (5.11 Mg) + Vitamin B5 / Pantothenic Acid (2.91 Mg) + Vitamin B6 / Pyridoxine (1529 Mcg) + Vitamin C / Ascorbic Acid (33.1 Mg) + Vitamin D2 / Ergocalciferol (4 Mcg) + Vitamin E (9.5 Mg) + Vitamin K / Phytonadione (30.6 Mcg) + Zinc (2.5 Mg)', 'Key Uses of Ensure Diabetes Care Vanilla Flavour Zero Added Sucrose Refill Powder 950gm\r\nFor Blood Sugar Levels: Ensure Diabetes Care Powder is scientifically formulated with a low glycemic index, which helps manage blood glucose response. The inclusion of fructo-oligosaccharide (FOS) and inositol supports stable blood sugar levels throughout the day.\r\nFor Weight Management: The powder features a slow-release energy system that helps individuals feel fuller for longer periods. This can assist in managing weight by potentially reducing the tendency to overeat and providing steady energy.\r\nFor Muscle Mass Support: With its high-quality protein content, Ensure Diabetes Care Powder supports the maintenance and building of muscle mass. This is particularly beneficial for individuals who may experience muscle wasting due to diabetes.\r\nFor Heart Health: The powder contains a heart-friendly fat blend rich in monounsaturated fats (MUFA) and low in saturated fats. This composition supports cardiovascular health and contributes to maintaining healthy heart function.\r\nFor Immune Function: The formula contains a comprehensive blend of 11 immunity-supporting nutrients, including vitamins A, C and E, selenium and zinc. These nutrients contribute to a well-functioning immune system, helping the body to better defend against common illnesses.\r\nFor Balanced Nutrition: Ensure Powder offers a complete range of essential vitamins and minerals, including B vitamins, vitamin K and magnesium. This balanced nutritional profile helps fill dietary gaps and ensures that your body receives the nutrients it needs to function optimally.\r\nFor Energy Levels: With a blend of carbohydrates and protein, Ensure Powder provides a steady source of energy. This is especially useful for those who experience fatigue or need an additional energy boost throughout the day.\r\nFor Digestive Health: The inclusion of fructo-oligosaccharides (FOS) in Ensure Powder may help support digestive health by promoting the growth of beneficial gut bacteria. This can contribute to better digestion and regularity.', 'Mix 6 scoops of Ensure Diabetes Care Powder into 200 ml of water. Stir well until the powder is completely dissolved.\r\nServing Suggestion: \r\n\r\nUnderweight (BMI <18.5): 2 servings per day as a supplement. \r\nNormal Weight (BMI 18.5-24.9): 1 serving per day as a supplement.\r\nOverweight (BMI >25): 2 servings per day as a meal replacement.', 'Read the label carefully before use.\r\nKeep out of the reach of children.\r\nStore in a cool, dry and dark place.\r\nKeep away from direct sunlight, heat and moisture.\r\nDo not exceed the recommended dosage.\r\nDo not chew or crush the capsule, swallow it as a whole with water.\r\nIt is recommended to be consumed after meals.\r\nDisclaimer:\r\n\r\nThis product is not intended to diagnose, treat, cure or prevent any disease.\r\nDiscontinue use and consult your physician in case of any side effects.', 'Good to Know:Suitable for vegetarians;Sugar-free;Trans-fat-free;Low Glycemic Index\r\nQuick Tips:Store the powder in a cool, dry place to maintain freshness;Once the foil pouch is opened, use the powder within 3 weeks. To ensure optimal freshness, keep the pouch sealed and store it in an airtight container if necessary;For the best taste and texture, mix the powder thoroughly in milk or water until completely dissolved\r\nAllergy Information:Contains milk and soy, which may cause allergic reactions in individuals sensitive to soy or dairy;Manufactured in a facility that processes other products containing allergens, so those with severe allergies should exercise caution\r\nConcerns It Can Help With:Blood Sugar Management;Weight Management;Muscle Mass Maintenance;Cardiovascular Health;Nutritional Balance;Bone Health;Energy Levels;Recovery and Vitality\r\nEnergy Per Serving:413 kcal per 100 gm\r\nProtein Per Serving:20.10 g per 100 gm', '[\"Does Ensure Diabetes Care Powder contain any allergens?:Yes, Ensure contains soy. It is important to avoid this product if you have a milk allergy or lactose intolerance.\\r\",\"Can pregnant or nursing women consume it?:Pregnant or nursing women should consult a healthcare professional before using this product.\\r\",\"Can I mix Ensure with other beverages besides milk or water?:While Ensure is commonly mixed with milk or water, it can be added to smoothies or other beverages if desired. Ensure it is thoroughly mixed to maintain the nutritional balance.\"]', ' Dr. Divya Mandial', 'Medical Content Writer | 9 years PhD in Chemistry', ' Dr. Mandeep Chadha', 'Lead Medical Content Reviewer | 11 years MBBS, DNB (OBGY)', '3 Corporate Park , Sion-Trombay Road , Chembur, Mumbai 400 071 India\r\n\r\nCountry of origin: INDIA\r\nExpiry on or after: September 2026\r\n\r\nIn case of any issues, contact us:\r\nsupport@medicare.com|06257814252\r\nAddress: 6th floor, Urmi Corporate Park Street, Atal Sharani Road, Kolkata 700054.', 'We, at Medicare make a diligent attempt to deliver accurate, expert- drafted and thoroughly reviewed medicine related information to our consumers. However, it should, by no means, be considered a substitute for prescription from a certified doctor or a trustworthy doctor-patient relationship. In fact we detest any form of self medication without expert advice. The sole purpose of the information on our portal is to educate our consumers, which helps improve the communication between a doctor and a patient. The information by no means is complete in its entirety and should not be used to diagnose or treat any medical condition. No amount of information can replace the experience and expertise of a doctor, therefore his/her advice always holds priority and should be followed appropriately.'),
(15, 'Omron Hem 7121j Blood Pressure Monitor 1', 'Omron HEM-7121 J BP Monitor is used for monitoring blood pressure levels. This digital monitoring device is suitable for professional and home use, designed to track blood pressure and pulse rate. It can detect irregular heartbeat rhythms deviating by more than 25% from the average while measuring blood pressure.\r\n\r\nSpecification of Omron Hem 7121j Blood Pressure Monitor 1\r\nType: Digital Blood Pressure Monitor\r\n \r\nSuitability: Suitable for both professional and home use\r\n \r\nFunctionality: Monitors blood pressure and pulse rate\r\n \r\nMeasurement Method: Oscillometric Method\r\n \r\nMeasurement Range: Blood Pressure: 0-299 mmHg, Pulse Rate: 40-180 beats/min\r\n \r\nCuff Size: Fits arm circumferences of 22-32 cm\r\n \r\nPower Source: 4 AA Batteries (included)\r\n \r\nDisplay: Large LCD screen for clear readings\r\n \r\nMemory: Stores up to 30 measurement readings\r\n \r\nPackage Contents: Omron HEM-7120 BP Monitor, Arm Cuff, Instruction Manual, 4 AA Batteries\r\n \r\nAccuracy: Pressure +- 3mmHg, Pulse +- 5% display reading\r\n \r\nInterface: The monitor offers effortless operation with a single-touch interface.\r\n \r\nBody Movement Detection: It includes body movement detection to reduce errors during measurements.\r\n \r\nMemory: The device retains the last reading in memory for easy reference.\r\n \r\nIntelliSense Technology: Utilising IntelliSense technology, it automatically adjusts pressure for accurate readings.\r\n \r\nCompact and Portable: This fully automatic blood pressure monitor is convenient for use anywhere.\r\n \r\nCuff Wrapping: Its cuff wrapping feature guides proper cuff placement, indicated by \"OK,\" ensuring precise and dependable measurements.', 2270.84, 'Healthcare Devices', 7, 'bp_machine_omron_1.jpeg', '2025-11-18 04:28:22', 'Bp Monitors', 'Omron Healthcare India Pvt Ltd', 2315.12, 2, '[\"Helps measure blood pressure levels and pulse rate.\\r\",\"Convenient design for use at home or on the go.\\r\",\"Stores last readings.\\r\",\"Includes hypertension indicators.\\r\",\"Uses Intellisense Technology.\"]', 'All Other Combinations (0 Mg)', 'Monitoring Blood Pressure: The primary function of the Omron HEM-7120 BP Monitor is to monitor blood pressure levels. It helps users and healthcare professionals assess blood pressure trends over time.\r\nTracking Pulse Rate: In addition to blood pressure, the monitor also tracks pulse rate. Pulse rate variations can indicate changes in heart health and overall cardiovascular function. Monitoring pulse rate alongside blood pressure offers a more comprehensive view of cardiovascular well-being.\r\nDetecting Irregular Heartbeats: One of the advanced features of the Omron HEM-7120 BP Monitor is its ability to detect irregular heartbeat rhythms. It can identify heartbeats that deviate by more than 25% from the average rhythm. \r\nEnsuring Measurement Accuracy: The monitor incorporates IntelliSense technology which automatically adjusts the amount of pressure applied during measurement. This ensures that the cuff inflates to the optimal level for accurate readings. Additionally, it includes body movement detection to minimise errors caused by movement during measurement, further enhancing accuracy.\r\nPortable Healthcare: With its compact design and portability, the Omron HEM-7120 BP Monitor enables users to monitor their blood pressure and pulse rate anywhere, whether at home, at work or while travelling. This promotes consistent monitoring and proactive management of cardiovascular health.\r\nMemory Storage: The device stores the last reading in its memory, allowing users to track their progress over time. This feature is beneficial for individuals who need to monitor changes in blood pressure and pulse rate regularly, as well as for sharing data with healthcare providers during consultations.\r\nUser-Friendly Operation: The monitor is designed for ease of use, featuring one-touch operation for quick and convenient measurements. Additionally, its cuff wrapping guidance system ensures that the cuff is wrapped correctly, indicated by an \"OK\" symbol, leading to more accurate and reliable measurements.', 'Insert the plug into the jack securely.\r\nPut the arm through the cuff loop.\r\nClose the fabric fastener firmly.\r\nWait till the results are displayed.', 'Read the label carefully before use.\r\nStore in a cool and dry place, away from sunlight.\r\nKeep out of reach of children.\r\nRemove the batteries if not in use for three months or longer.', 'Good to Know:Hypertension Indicator: It includes a hypertension indicator that provides an instant visual cue if blood pressure readings fall outside the normal range, helping users identify potential health risks;Comfortable Cuff: The cuff is designed for comfort during use, with a size range that fits most adult arm circumferences (22-32 cm)\r\nQuick Tips:Sit in a relaxed position with your back supported and feet flat on the floor. Place the cuff on your bare upper arm at heart level;Refrain from consuming caffeine or engaging in vigorous exercise at least 30 minutes before taking measurements, as these activities can temporarily affect blood pressure\r\nAllergy Information:In case you experience any side effects, discontinue use and consult your physician\r\nConcerns It Can Help With:Blood pressure levels;Pulse rate', '[\"How do I know if the cuff is wrapped correctly?:The monitor has a cuff wrapping guide that indicates \\\"OK\\\" when the cuff is wrapped correctly, ensuring accurate measurements.\\r\",\"Can multiple users store their readings on the monitor?:The monitor does not have multi-user memory. It stores the last reading taken.\\r\",\"How long does the battery last?:The monitor operates on 4 AA batteries and typically lasts for several months with regular use.\"]', ' Dr. Divya Mandial', 'Medical Content Writer | 9 years PhD in Chemistry', ' Dr. Mandeep Chadha', 'Lead Medical Content Reviewer | 11 years MBBS, DNB (OBGY)', '6th Floor, B-Block, Sewa Tower, Plot no.19, Sector -18, Udyog Vihar, Maruti Industrial Complex, Gurugram, Haryana 122008\r\n\r\nCountry of origin: VIETNAM\r\nExpiry on or after: March 2027\r\n\r\nIn case of any issues, contact us:\r\nsupport@medicare.com|06257814252\r\nAddress: 6th floor, Urmi Corporate Park Street, Atal Sharani Road, Kolkata 700054.', 'We, at Medicare make a diligent attempt to deliver accurate, expert- drafted and thoroughly reviewed medicine related information to our consumers. However, it should, by no means, be considered a substitute for prescription from a certified doctor or a trustworthy doctor-patient relationship. In fact we detest any form of self medication without expert advice. The sole purpose of the information on our portal is to educate our consumers, which helps improve the communication between a doctor and a patient. The information by no means is complete in its entirety and should not be used to diagnose or treat any medical condition. No amount of information can replace the experience and expertise of a doctor, therefore his/her advice always holds priority and should be followed appropriately.');
INSERT INTO `products` (`id`, `name`, `description`, `price`, `category`, `stock`, `image`, `created_at`, `subcategory`, `manufacturer`, `mrp`, `discount_percent`, `features`, `composition`, `key_uses`, `how_to_use`, `safety_information`, `additional_information`, `faq`, `certified_writer`, `certified_writer_title`, `certified_reviewer`, `certified_reviewer_title`, `manufacturer_details`, `disclaimer`) VALUES
(16, 'Omron Ne C106 Compressor Nebulizer 1', 'Omron Compressor Nebulizer is used for managing respiratory health at home. Equipped with complete accessories, NE-C106 comes with a mouthpiece, child and adult masks. Specially designed for first-time users, NE-C106 is easy to use and easy to clean.', 1592.00, 'Healthcare Devices', 21, 'Omron_Ne_C106_Compressor_1.jpeg', '2025-11-19 04:09:02', 'Nebulizers Vaporizers', 'Omron Healthcare India Pvt Ltd', 1990.00, 20, '[\"Manages the respiratory health of adults and kids in a family.\\r\",\"Works at an efficient nebulisation rate of 0.3 ml\\/minute.\\r\",\"Provides relief from breathing problems and other respiratory issues.\\r\",\"Ensures efficient absorption and quick delivery of medicines.\"]', 'Specification of Omron Ne C106 Compressor Nebulizer 1\r\nProduct Name: Omron Compressor Nebulizer\r\nProduct Dimensions: 18 x 18 x 21 cm\r\nEffective Medication Delivery: It produces fine aerosol particles for efficient absorption of medicines. It uses a small particle size of MMAD 4.56 µm to reach the lower airway for effective nebulisation.\r\nNebulisation Rate: It works at an efficient nebulisation rate of 0.3 ml/Minute\r\nCompact and Portable: Easy to carry and use at home or on the go. It is simple to clean and disinfect\r\nUser-friendly: It is suitable for both adults and children.\r\nLow noise: It minimises noise for a comfortable experience.\r\nMask and Mouthpiece: It provides options for different user preferences\r\nContents in the box: Nebuliser, inhalation top, medication tank, adult mask, child mask, mouthpiece and vaporiser head\r\nWeight: 1.25 kg\r\nDimensions: 18.0 × 17.0 × 14.0 cm\r\nMedication Cup Capacity: 10 ml\r\nAerosol Output Rate: 0.109 ml/Minute\r\nWarranty: 2 years exchange warranty but not on defective items', 'Asthma Management: The nebuliser is designed to administer asthma medication in aerosol form. It helps in relieving asthma symptoms such as wheezing, coughing and shortness of breath.\r\nCOPD Management: For individuals with Chronic Obstructive Pulmonary Disease (COPD), the nebuliser offers a convenient way to deliver bronchodilators and other medications directly to the lungs. This helps in improving lung function and alleviates COPD symptoms like coughing and difficulty breathing.\r\nRespiratory Infection Relief: During respiratory infections such as bronchitis or pneumonia, the nebuliser can be used to deliver antibiotics or other medications directly into the respiratory tract. This targeted delivery helps in combating infections and promoting faster recovery.\r\nAllergy and Sinus Relief: Individuals suffering from allergies or sinus problems can benefit from using the nebuliser to administer saline solutions or prescribed medications. This helps in clearing nasal passages, reducing congestion and relieving allergy symptoms.\r\nPediatric Respiratory Care: The nebuliser is suitable for children with respiratory issues. It provides a gentle and effective way to deliver pediatric medications, ensuring proper treatment and management of respiratory conditions in children.', 'Remove the inhalation top from the medication tank by rotating it anti-clockwise and lifting it.\r\nEnsure the vaporiser head is placed in the medication tank and add the correct amount of prescribed medication.\r\nPut the inhalation top back and attach the mouthpiece or mask to the nebulizer kit tightly.\r\nAttach the air tube, twist it and push it firmly into the air tube connector.\r\nInhale through the mask.', 'Read the label carefully before use.\r\nStore in a cool and dry place away from direct sunlight.\r\nUse as per directions by a healthcare professional.\r\nKeep out of reach of children.', 'Good to Know:User-Friendly Design: The device is easy to operate, making it suitable for individuals of all ages, including the elderly and children. Its intuitive design ensures that anyone can use it with minimal training or instruction;Portable and Compact: With dimensions of 18 x 18 x 21 cm, the nebuliser is compact and portable, making it easy to store and transport. This allows users to carry it while travelling, ensuring they can manage their respiratory health wherever they go;Easy Maintenance: The nebuliser is designed for easy cleaning and maintenance, ensuring long-term reliability and hygiene. Regular cleaning helps minimise the buildup of medication residue and bacteria, ensuring safe use over time;Provides complete accessories which include adult mask, child mask and mouthpiece;Easy to clean and disinfect;Efficient nebulisation rate\r\nQuick Tips:Read the Manual: Before using the nebuliser, thoroughly read the user manual to understand the device\'s operation and safety instructions;Assemble Correctly: Ensure all parts are correctly assembled before each use, including the medication tank, mouthpiece and mask;Proper Cleaning: Clean the nebuliser parts after each use to prevent residue buildup and ensure hygienic operation. Follow the cleaning instructions in the manual;Dry Thoroughly: After cleaning, make sure all parts are completely dry before reassembling to avoid bacterial growth and maintain device efficiency;Avoid any physical damage;Ensure proper hygiene while using the nebuliser;Keep it close to your mouth and nose', '[\"How do I clean the nebuliser?:After each use, disassemble the parts and wash them with warm soapy water. Rinse thoroughly and let them air dry. Refer to the user manual for detailed cleaning instructions.\\r\",\"How do I know if the nebuliser is working properly?:You should see a fine mist coming from the mouthpiece or mask when the nebulizer is in operation. If you do not see a mist or the device is making unusual noises, check for proper assembly and cleanliness or consult the user manual.\\r\",\"What should I do if the nebuliser stops working?:Ensure the device is properly assembled, check the power source and clean the components. If the problem persists, contact customer support or refer to the troubleshooting section in the user manual.\"]', 'Dr. Divya Mandial', 'Medical Content Writer | 9 years PhD in Chemistry', 'Dr. Mandeep Chadha', ' Lead Medical Content Reviewer | 11 years MBBS, DNB (OBGY)', '6th Floor, B-Block, Sewa Tower, Plot no.19, Sector -18, Udyog Vihar, Maruti Industrial Complex, Gurugram, Haryana 122008\r\n\r\nCountry of origin: VIETNAM\r\nExpiry on or after: March 2026\r\n\r\nIn case of any issues, contact us:\r\nsupport@medicare.com|06257814252\r\nAddress: 6th floor, Urmi Corporate Park Street, Atal Sharani Road, Kolkata 700054.', 'We, at Medicare make a diligent attempt to deliver accurate, expert- drafted and thoroughly reviewed medicine related information to our consumers. However, it should, by no means, be considered a substitute for prescription from a certified doctor or a trustworthy doctor-patient relationship. In fact we detest any form of self medication without expert advice. The sole purpose of the information on our portal is to educate our consumers, which helps improve the communication between a doctor and a patient. The information by no means is complete in its entirety and should not be used to diagnose or treat any medical condition. No amount of information can replace the experience and expertise of a doctor, therefore his/her advice always holds priority and should be followed appropriately.'),
(17, 'Dr Reckeweg R65 Drops 22ml', 'Dr Reckeweg R65 Psoriasis Drop 22 ML is used for managing the symptoms of psoriasis and other chronic skin conditions. The potent blend of natural ingredients works synergistically to heal wounds, reduce inflammation and manage hard, rough and dry skin areas. It is particularly effective in reducing scars, improving skin complexion and softening the skin, promoting overall skin health and well-being. Berberis Aquifolium has skin revival and healing properties that help manage psoriasis and hard and rough skin and alleviate constant dryness. Calcium Carbonicum Hahnemanni D30 supports overall skin health and helps to manage chronic skin conditions. Graphites D12 is effective in managing skin ailments and reducing skin dryness and irritation. Hydrocotyle Asiatica D2 promotes wound healing and reduces inflammation. Natrium Chloratum D30 helps in healing wounds, reducing inflammation and managing eczema. Arsenicum Album D12 supports overall skin health and helps to reduce scars and improve skin complexion.', 265.78, 'Homeopathic Medicine', 15, 'Dr_Reckeweg_R65_Drops_1.jpeg', '2025-11-19 04:50:20', 'Homeopathy for Skin Care', 'Dr Reckeweg', 295.31, 10, '[\"Helps manage symptoms associated with psoriasis.\\r\",\"Helps manage hard, rough and dry skin areas.\\r\",\"Helps heal wounds, reduce inflammation and help in the management of eczema.\\r\",\"Helps reduce scars, improve skin complexion and soften the skin.\\r\",\"Made with natural homoeopathic ingredients.\\r\",\"Customers also bought\"]', 'Ingredients of Dr Reckeweg R65 Drops 22ml\r\nBerberis Aquifolium Q: Has skin revival and healing properties that help manage psoriasis and manage hard, rough and constantly dry skin areas.\r\nCalcium Carbonicum Hahnemanni D30: Supports overall skin health and helps to manage chronic skin conditions.\r\nGraphites D12: Effective in managing skin ailments and reducing skin dryness and irritation.\r\nHydrocotyle Asiatica D2: Promotes wound healing and reduces inflammation, supporting overall skin health.\r\nNatrium Chloratum D30: Helps in healing wounds, reducing inflammation and managing eczema.\r\nArsenicum Album D12: Supports overall skin health and helps to reduce scars and improve skin complexion.', 'Manages Symptoms of Psoriasis: Dr Reckeweg R65 Drops help to manage the symptoms of psoriasis, promoting better skin health and overall well-being.\r\nManages Hard, Rough and Dry Skin Areas: The formulation is effective in managing hard, rough and constantly dry skin areas, ensuring better skin texture and comfort.\r\nManages Wounds, Reduces Inflammation and Helps in the Management of Eczema: Dr Reckeweg R65 Drops help to heal wounds, reduce inflammation and help in the management of eczema, promoting overall skin health.\r\nReduces Scars, Improves Skin Complexion and Softens the Skin: The drops help to reduce scars, improve skin complexion and soften the skin, ensuring better overall appearance and comfort.', 'Take 10-15 drops in water, 2 to 3 times daily, before meals or as directed by the doctor.', 'Consult a healthcare professional before use if you are pregnant, nursing or taking any medications.\r\nKeep out of reach of children.\r\nStore in a cool, dry place, away from direct sunlight.\r\nIf any adverse reactions occur, discontinue use and consult a healthcare professional.\r\nAvoid any strong smells in the mouth, such as coffee, onion, hing, mint, camphor, garlic, etc., while taking the medicine.\r\nKeep at least half an hour gap between food/drink / any other medicines and allopathic medicines.', 'Good to Know:Dr Reckeweg R65 Drops are made from natural homoeopathic ingredients;\r\nQuick Tips:For best results, take Dr Reckeweg R65 Drops regularly as part of your skincare routine. Follow the dosage instructions on the product label;Avoid any strong smells in the mouth, such as coffee, onion, hing, mint, camphor, garlic, etc., while taking the medicine;Keep at least half an hour gap between food/drink / any other medicines and allopathic medicines;\r\nAllergy Information:Contains natural ingredients. Check for potential allergens if you have sensitivities;\r\nConcerns It Can Help With:Psoriasis;Chronic skin conditions;Hard and rough skin;Eczema;', '[\"What is Dr Reckeweg R65 Psoriasis Drop used for?:Dr Reckeweg R65 Psoriasis Drop is used to manage symptoms of psoriasis, hard, rough and dry skin areas, heal wounds, reduce inflammation, manage eczema, reduce scars, improve skin complexion and soften the skin.\\r\",\"How should I take Dr Reckeweg R65 Psoriasis Drop?:Refer to the product label for detailed usage instructions. Generally, it is taken as directed by a healthcare professional.\\r\",\"Are there any side effects?:Dr Reckeweg R65 Drops are generally safe and made from natural homoeopathic ingredients. However, consult a healthcare professional if you experience any adverse effects.\\r\",\"Can I use Dr Reckeweg R65 Psoriasis Drop daily?:Yes, Dr Reckeweg R65 Drops can be used daily as part of your skincare routine. However, prolonged use should be monitored by a healthcare professional.\\r\",\"Is Dr Reckeweg R65 Psoriasis Drop safe for children?:It is advisable to consult a healthcare professional before giving Dr Reckeweg R65 Drops to children.\"]', 'Dr. Divya Mandial', 'Medical Content Writer | 9 years PhD in Chemistry', 'Dr. Mandeep Chadha', ' Lead Medical Content Reviewer | 11 years MBBS, DNB (OBGY)', '16, Netaji Subash Marg, Daryaganj, New Delhi-110002\r\n\r\nCountry of origin: GERMANY\r\nExpiry on or after: December 2026\r\n\r\nIn case of any issues, contact us:\r\nsupport@medicare.com|06257814252\r\nAddress: 6th floor, Urmi Corporate Park Street, Atal Sharani Road, Kolkata 700054.', 'We, at Medicare make a diligent attempt to deliver accurate, expert- drafted and thoroughly reviewed medicine related information to our consumers. However, it should, by no means, be considered a substitute for prescription from a certified doctor or a trustworthy doctor-patient relationship. In fact we detest any form of self medication without expert advice. The sole purpose of the information on our portal is to educate our consumers, which helps improve the communication between a doctor and a patient. The information by no means is complete in its entirety and should not be used to diagnose or treat any medical condition. No amount of information can replace the experience and expertise of a doctor, therefore his/her advice always holds priority and should be followed appropriately.'),
(18, 'Shelcal Pro Kids Lemon & Orange Mixed Berries Flavour Sugar Free Gummies 30', 'Shelcal Pro Kids Lemon & Orange Mixed Berries Flavour Sugar Free Gummies 30 is used for supporting joint health. These gummies contribute to a healthy immune system, help maintain muscle strength, and assist in managing joint health. Formulated to support healthy bone density in children, they offer a delicious and convenient way to include essential nutrients in daily routines.', 359.55, 'Personal Care', 25, 'Shelcal_ProKids_Calcium_1.jpg', '2025-11-25 04:15:48', 'Baby And Mom Care', 'Torrent Pharmaceuticals Ltd.', 399.50, 10, '[\"Helps promote well-being. \\r\",\"Supports a healthy immune system. \\r\",\"Manages healthy bone density in kids. \\r\",\"Maintains muscle strength. \\r\",\"Assists in managing dental health.\"]', 'Calcium (250 Mg) + Vitamin D3 (Cholecalciferol) (125 Iu)', 'Supports Bone Strength: Calcium from tricalcium phosphate contributes to maintaining strong bones, ensuring proper skeletal development in children. Vitamin D3 enhances calcium absorption, helping maintain healthy bone density.\r\nMaintains Dental Health: Calcium plays a key role in supporting strong teeth, while Vitamin D3 assists in maintaining gum health by contributing to proper mineralisation.\r\nFor Muscle Function: Calcium supports normal muscle contractions, ensuring flexibility and mobility, while Vitamin D3 plays a role in maintaining muscle coordination.\r\n Healthy Immune System: Vitamin D3 plays a role in supporting immune function, contributing to overall well-being and resilience against environmental stressors.\r\n Maintains Joint Health: Calcium supports the structural integrity of joints, contributing to smooth movement, while Vitamin D3 plays a role in maintaining joint flexibility.\r\n Healthy Growth and Development: The combination of calcium and Vitamin D3 supports overall development in children by contributing to bone, muscle, and immune health, ensuring a balanced foundation for growth.', 'One to two gummies per day. \r\nChew the gummies well before swallowing.\r\nConsume the gummy immediately after opening the pillow pack.', 'Read the label carefully before use.\r\nKeep out of the reach of children.\r\nStore in a cool, dry and dark place below 25°Celsius.\r\nKeep away from direct sunlight, heat and moisture.\r\nDo not exceed the recommended dosage.\r\nPlease consult a health professional if you are taking medication.\r\nTo be administered to kids under parental supervision.', 'Good to Know:One gummy is similar to two glasses of milk;Lemon and orange flavoured, mixed berries flavoured;Vegetarian formulation;Gluten-free;Sugar-free;No artificial flavours;Gelatin-free;\r\nQuick Tips:Ensure you’re getting enough calcium and vitamin D in your diet;Incorporate foods like dairy products, leafy greens, and fatty fish, and consider spending some time outdoors for natural sunlight, which helps your body produce vitamin D;Regular weight-bearing exercises, like walking or strength training, can also strengthen your bones and improve overall bone health;\r\nEffects of Deficiency:Lack of vitamin D may cause:- Rickets in children;Bone pain and weakness;\r\nConcerns It Can Help With:Growth and development;Bone health;Muscle health;Joint health;Immunity;Calcium levels;\r\nEnergy Per Serving:16.66 Kcal per gummy;\r\nProtein Per Serving:0.03g per gummy;\r\nOther Information:Polyols may have laxative effects;The gummies contain natural colour which may fade over time;', '[\"What are the benefits of Shelcal Pro Kids Gummies?:Shelcal Pro Kids Gummies contribute to bone strength, support a healthy immune system, help maintain muscle function, and assist in dental and joint health. They also offer a convenient and tasty way to include essential nutrients in a child\\u2019s daily routine.\\r\",\"Is it suitable for children?:In the case of children, it is recommended to consult with a healthcare professional before using it.\\r\",\"Are there any side effects of using this product?:If you are experiencing any side effects after using this product, it is recommended to consult with a healthcare professional.\"]', 'Dr. Sachin Singh', 'Medical Team Lead & Reviewer | 6 years MBBS', 'Dr. Mandeep Chadha', 'Lead Medical Content Reviewer | 11 years MBBS, DNB (OBGY)', 'Torrent House, Off. Ashram Road, Ahmedabad - 380009, Gujarat, India\r\n\r\nCountry of origin: INDIA\r\nExpiry on or after: August 2026\r\n\r\nIn case of any issues, contact us:\r\n\r\nsupport@medicare.com|06257814252\r\nAddress: 6th floor, Urmi Corporate Park Street, Atal Sharani Road, Kolkata 700054.', 'We, at Medicare make a diligent attempt to deliver accurate, expert- drafted and thoroughly reviewed medicine related information to our consumers. However, it should, by no means, be considered a substitute for prescription from a certified doctor or a trustworthy doctor-patient relationship. In fact we detest any form of self medication without expert advice. The sole purpose of the information on our portal is to educate our consumers, which helps improve the communication between a doctor and a patient. The information by no means is complete in its entirety and should not be used to diagnose or treat any medical condition. No amount of information can replace the experience and expertise of a doctor, therefore his/her advice always holds priority and should be followed appropriately.'),
(19, 'Diataal Nutripop Multivitamin Hair & Skin Energy & Immunity Fitness & Wellness Capsule 15', 'Diataal Capsule 15 is used for supporting overall well-being. Diataal is a blend of vitamins and minerals which can help meet the nutritional requirements of the body. Vitamin B12, copper, and zinc help support immunity. Vitamin B6 and nicotinamide might help in energy production and manage fatigue and lethargy. Beta-carotene and nicotinamide can help promote healthy skin. Additionally, Vitamin D in Diataal D supports strong bones.', 82.14, 'Vitamins & Supplements', 54, '692fc357913d4_Diataal_Nutripop_1.jpg', '2025-12-03 04:57:59', 'Multivitamins Multiminerals And Antioxidants', 'Usv Pvt Ltd', 111.23, 26, '[\"It helps promote overall well-being. \\r\",\"Supports a healthy immune system. \\r\",\"It assists in managing skin health. \\r\",\"It may help in maintaining strong bones. \\r\",\"Helps enhance energy production. \"]', 'Beta-carotene (3 Mg) + Biotin (30 Mcg) + Choline Bitartrate (82.5 Mg) + Cyanocobalamin (0.3 Mcg) + Elemental Boron (100 Mcg) + Elemental Chromium (30 Mcg) + Elemental Copper (1 Mg) + Elemental Manganese (1.4 Mg) + Elemental Phosphorous (90 Mg) + Elemental Selenium (30 Mcg) + Elemental Zinc (7.5 Mg) + Folic Acid (40 Mcg) + Sodium Molybdate Dihydrate (25 Mcg) + Vitamin B1 (0.21 Mg) + Vitamin B3 / Niacin (12 Mg) + Vitamin B6 / Pyridoxine (0.4 Mg) + Vitamin D3 (Cholecalciferol) (80 Iu)', 'Supports Overall Well-being: Diataal Capsule helps promote overall wellness by providing essential vitamins and minerals that support daily health and vitality.\r\nBoosts Immune System: The combination of Vitamin B12, Copper, and Zinc in the Diataal Capsule may help strengthen the immune system, assisting in defence against common illnesses. \r\nPromotes Skin Health: Beta-carotene and Nicotinamide in the capsule might help in maintaining healthy skin and hydration.\r\nContributes to Bone Health: Vitamin D3 in the Diataal Capsule helps support bone strength and health, which is crucial for maintaining strong and healthy bones.\r\nEnhances Energy Production: Vitamin B6 and Nicotinamide may assist in energy production and managing fatigue, helping overall energy levels and reducing feelings of lethargy.', 'One capsule daily. \r\nAs prescribed by the physician. ', 'Read the label carefully before use.\r\nKeep out of the reach of children.\r\nStore in a cool, dry and dark place.\r\nKeep away from direct sunlight, heat and moisture.\r\nDo not exceed the recommended dosage.\r\nDo not chew or crush the capsule, swallow it as a whole with water.\r\nIt is recommended to be consumed after meals.', 'Good to Know:Goodness of multi-vitamins; In a capsule form and easy to consume;\nQuick Tips:Incorporate a balanced diet rich in fruits, vegetables, lean proteins, and whole grains to provide essential nutrients for your body; Combine this with regular physical activity, adequate hydration, and sufficient sleep to support overall health;\nAllergy Information:It contains soy. If you have concerns about allergic reactions, it is recommended to consult with a healthcare professional; \nEffects of Deficiency:Lack of vitamins and minerals can affect bone health, brain health and heart health; \nConcerns It Can Help With:Bone health;Energy levels;Skin health;Immunity;\nEnergy Per Serving:5.13 Kcal;\nProtein Per Serving:0.23 g;\nOther Information:Diet Type:- Non-vegetarian;', '[\"Is it suitable for children?:In the case of children, it is recommended to consult with a healthcare professional before using it.\\r\",\"Is it suitable for pregnant ladies?:Pregnant or nursing women should see their healthcare professional before taking this supplement to guarantee their safety.\\r\",\"How much time does it take to show results?:Results may vary due to various factors such as age and physiological condition. For some people, it takes a week while for others it may take a month.\\r\",\"What should I do if I miss a dose of Diataal Capsule?:If you miss a dose, take it as soon as you remember. If it is almost time for your next dose, skip the missed dose and continue with your regular schedule. Do not double the dose to catch up.\"]', 'Dr. Nikhil Sharma', 'Medical Content Writer | 5 years M.S Orthopaedics', 'Dr. Mandeep Chadha', 'Lead Medical Content Reviewer | 11 years MBBS, DNB (OBGY)', 'USV Private Limited Arvind Vithal Gandhi Chowk, BSD Marg, Station Road, Govandi East, Mumbai - 400 088. India.\r\n\r\nCountry of origin: INDIA\r\nExpiry on or after: April 2026\r\n\r\nIn case of any issues, contact us:\r\nsupport@medicare.com|06257814252\r\nAddress: 6th floor, Urmi Corporate Park Street, Atal Sharani Road, Kolkata 700054.', 'We, at Medicare make a diligent attempt to deliver accurate, expert- drafted and thoroughly reviewed medicine related information to our consumers. However, it should, by no means, be considered a substitute for prescription from a certified doctor or a trustworthy doctor-patient relationship. In fact we detest any form of self medication without expert advice. The sole purpose of the information on our portal is to educate our consumers, which helps improve the communication between a doctor and a patient. The information by no means is complete in its entirety and should not be used to diagnose or treat any medical condition. No amount of information can replace the experience and expertise of a doctor, therefore his/her advice always holds priority and should be followed appropriately.'),
(20, 'Ahaglow Advanced Face Wash Gel 200gm', 'Ahaglow Advanced Face Wash gently exfoliates dead skin cells, improves skin texture, and promotes a healthy, glowing complexion. Its SLS-free, non-comedogenic formula cleanses without drying, making it suitable for all skin types.', 638.40, 'Personal Care', 50, '69351494bd070_Ahaglow_face_wash_1.jpg', '2025-12-07 05:45:56', 'Skin Care', 'Torrent Pharmaceuticals Ltd.', 798.00, 20, '[\"Exfoliates dead skin cells.\\r\",\"Hydrates the skin.\\r\",\"Enhances the overall health of the skin.\\r\",\"Supports skin health. \\r\",\"SLS and paraben-free.\"]', 'Alpha Hydroxy Acids (AHAs): Helps remove dead skin cells which can help brighten the skin and improve the texture. It may also help improve moisture levels in the skin. \r\nAloe Vera Extract: Helps hydrate and nourish the skin. It has anti-inflammatory and soothing properties that help soothe skin irritation.\r\nVitamin E: It acts as an antioxidant and provides skin protection. It can help repair the skin barrier and retain moisture. It can also help reduce the appearance of scars and stretch marks. \r\nOther Ingredients: Purified water, Acrylate copolymer. Sodium laureth sulfate, Glycolic Acid, Sodium cocoyl Amino Acid and Decyl Glucoside', 'Exfoliates Dead Skin Cells: This face wash contains AHA as its key ingredient that helps exfoliate dead skin cells. It helps remove the outer layer of dull and dead skin to reveal fresh and smooth skin. \r\nPromotes Cell Renewal: With the help of Aloe Vera and Vitamin E, this face wash helps accelerate the healing of skin wounds. It helps reduce inflammation and stimulate the production of newer skin cells, resulting in a more youthful and rejuvenated complexion.\r\nImproves Skin Texture and Tone: It helps improve skin texture, smooth the skin\'s surface and even out discolouration for a more uniform and glowing appearance.\r\nDeep Cleansing and Unclogging Pores: Ahaglow Advanced Face Wash contains powerful ingredients that help cleanse the skin deeply. It also helps unclog pores and penetrate deeply to remove impurities and excess oil.', 'First of all, squeeze out the required quantity.\r\nThen gently rub it on your face with an upward circular motion.\r\nNow rinse off with clear water and then pat your dry face.\r\nFor the best results you should use it as your dermatologist told you to do so.', 'Read the label carefully before use.\r\nStore at a place where the temperature is below 25°C.\r\nDo not freeze.\r\nKeep out of reach of children.\r\nIf you are feeling irritation after using the product, then consult your dermatologist as soon as possible.', 'Good to Know:Ahaglow Advanced Face Wash utilizes the power of AHAs to exfoliate and rejuvenate the skin, promoting a brighter and more youthful complexion;It is free from harsh chemicals and is dermatologically tested for safety and efficacy\r\nQuick Tips:Use sunscreen during the day as AHAs can make your skin more sensitive to sunlight;Pair with a hydrating moisturiser to maintain optimal skin hydration;Maintain a consistent skincare routine for the best results;A patch test is recommended\r\nConcerns It Can Help With:Dull and uneven skin tone;Clogged pores;Rough skin texture\r\nArea of Application:Face and neck\r\nFrequency of product usage:Use it twice a day for better results or as per the advice of your dermatologist\r\nOther Information:Dermatologically tested;SLS and paraben-free', '[\"Is Ahaglow Advanced Face Wash suitable for sensitive skin?:It is recommended to do a patch test and discuss it with your dermatologist to be sure about it.\\r\",\"Can I use this face wash along with other skincare treatments?:Yes, Ahaglow Advanced Face Wash can be integrated into your existing skincare routine. However, avoid using other exfoliating products simultaneously to avoid over-exfoliation.\\r\",\"Will this face wash make my skin dry?:The formula is designed to cleanse without stripping your skin of moisture. Pairing it with a hydrating moisturiser can help maintain optimal skin hydration.\\r\",\"Can I use Ahaglow face wash everyday?:Yes, Ahaglow face wash is generally safe for daily use, even for those with sensitive skin. It\'s recommended to use it twice a day.\"]', 'Dr. Divya Mandial', 'Medical Content Writer | 9 years PhD in Chemistry', 'Dr. Mandeep Chadha', 'Lead Medical Content Reviewer | 11 years MBBS, DNB (OBGY)', 'Torrent House, Off. Ashram Road, Ahmedabad - 380009, Gujarat, India\r\n\r\nCountry of origin: INDIA\r\nExpiry on or after: April 2026\r\n\r\nIn case of any issues, contact us:\r\n\r\nsupport@medicare.com | 06257814252\r\nAddress: 6th floor, Urmi Corporate Park Street, Atal Sharani Road, Kolkata 700054.', 'We, at Truemeds make a diligent attempt to deliver accurate, expert- drafted and thoroughly reviewed medicine related information to our consumers. However, it should, by no means, be considered a substitute for prescription from a certified doctor or a trustworthy doctor-patient relationship. In fact we detest any form of self medication without expert advice. The sole purpose of the information on our portal is to educate our consumers, which helps improve the communication between a doctor and a patient. The information by no means is complete in its entirety and should not be used to diagnose or treat any medical condition. No amount of information can replace the experience and expertise of a doctor, therefore his/her advice always holds priority and should be followed appropriately.');

-- --------------------------------------------------------

--
-- Table structure for table `product_images`
--

CREATE TABLE `product_images` (
  `id` int(11) NOT NULL,
  `product_id` int(11) NOT NULL,
  `image_url` varchar(255) NOT NULL,
  `is_main` tinyint(1) DEFAULT 0
) ENGINE=InnoDB DEFAULT CHARSET=utf8mb4 COLLATE=utf8mb4_general_ci;

--
-- Dumping data for table `product_images`
--

INSERT INTO `product_images` (`id`, `product_id`, `image_url`, `is_main`) VALUES
(1, 1, 'Cetaphil_1.jpg', 1),
(2, 1, 'Cetaphil_2.jpeg', 0),
(3, 1, 'Cetaphil_3.jpeg', 0),
(4, 1, 'Cetaphil_4.jpeg', 0),
(5, 1, 'Cetaphil_5.jpeg', 0),
(6, 1, 'Cetaphil_6.jpeg', 0),
(7, 9, 'health_ok_5.jpeg', 0),
(8, 9, 'health_ok_4.jpeg', 0),
(9, 9, 'health_ok_3.jpeg', 0),
(10, 9, 'health_ok_2.jpeg', 0),
(11, 9, 'health_ok_1.jpg', 1),
(12, 2, 'HIMALAYA_Hadjod_2.jpeg', 0),
(13, 2, 'HIMALAYA_Hadjod_3.jpeg', 0),
(14, 2, 'HIMALAYA_Hadjod_4.jpeg', 0),
(15, 2, 'HIMALAYA_Hadjod_1.jpg', 1),
(16, 10, 'Vitacip_Capsule_1.jpg', 1),
(17, 10, 'Vitacip_Capsule_2.jpg', 0),
(18, 11, 'Sugar_Free_Gold_Plus_6.jpeg', 0),
(19, 11, 'Sugar_Free_Gold_Plus_5.jpeg', 0),
(20, 11, 'Sugar_Free_Gold_Plus_4.jpeg', 0),
(21, 11, 'Sugar_Free_Gold_Plus_3.jpeg', 0),
(22, 11, 'Sugar_Free_Gold_Plus_2.jpeg', 0),
(23, 11, 'Sugar_Free_Gold_Plus_1.jpeg', 1),
(24, 12, 'neurobion_forte_4.jpg', 0),
(25, 12, 'neurobion_forte_3.jpg', 0),
(26, 12, 'neurobion_forte_2.jpg', 0),
(27, 12, 'neurobion_forte_1.jpg', 1),
(28, 13, 'Accu_Chek_2.jpg', 0),
(29, 13, 'Accu_Chek_1.png', 1),
(30, 13, 'Accu_Chek_3.png', 0),
(31, 13, 'Accu_Chek_4.png', 0),
(32, 13, 'Accu_Chek_5.png', 0),
(33, 13, 'Accu_Chek_6.png', 0),
(34, 13, 'Accu_Chek_7.png', 0),
(35, 14, 'Ensure_Diabetes_Care_1.jpeg', 1),
(36, 14, 'Ensure_Diabetes_Care_2.jpeg', 0),
(37, 14, 'Ensure_Diabetes_Care_5.jpeg', 0),
(38, 14, 'Ensure_Diabetes_Care_6.jpeg', 0),
(39, 14, 'Ensure_Diabetes_Care_3.jpeg', 0),
(40, 14, 'Ensure_Diabetes_Care_4.jpeg', 0),
(41, 15, 'bp_machine_omron_1.jpeg', 1),
(42, 15, 'bp_machine_omron_2.jpeg', 0),
(43, 15, 'bp_machine_omron_3.jpeg', 0),
(44, 15, 'bp_machine_omron_4.jpeg', 0),
(45, 15, 'bp_machine_omron_5.jpeg', 0),
(46, 15, 'bp_machine_omron_6.jpeg', 0),
(47, 15, 'bp_machine_omron_7.jpeg', 0),
(48, 15, 'bp_machine_omron_8.jpeg', 0),
(49, 16, 'Omron_Ne_C106_Compressor_1.jpeg', 1),
(50, 16, 'Omron_Ne_C106_Compressor_2.jpeg', 0),
(51, 16, 'Omron_Ne_C106_Compressor_3.jpeg', 0),
(52, 16, 'Omron_Ne_C106_Compressor_4.jpeg', 0),
(53, 16, 'Omron_Ne_C106_Compressor_5.jpeg', 0),
(54, 16, 'Omron_Ne_C106_Compressor_6.jpeg', 0),
(55, 16, 'Omron_Ne_C106_Compressor_7.jpeg', 0),
(56, 17, 'Dr_Reckeweg_R65_Drops_1.jpeg', 1),
(57, 17, 'Dr_Reckeweg_R65_Drops_2.jpeg', 0),
(58, 3, 'Lice_Clear_Shampoo_1.png', 1),
(59, 3, 'Lice_Clear_Shampoo_2.jpeg', 0),
(60, 3, 'Lice_Clear_Shampoo_3.jpeg', 0),
(61, 3, 'Lice_Clear_Shampoo_4.jpeg', 0),
(62, 5, 'Sensodyne_Rapid_Relief_5.jpeg', 0),
(63, 5, 'Sensodyne_Rapid_Relief_4.jpeg', 0),
(64, 5, 'Sensodyne_Rapid_Relief_3.jpg', 0),
(65, 5, 'Sensodyne_Rapid_Relief_2.jpg', 0),
(66, 5, 'Sensodyne_Rapid_Relief_1.png', 1),
(67, 18, 'Shelcal_ProKids_Calcium_1.jpg', 1),
(68, 18, 'Shelcal_ProKids_Calcium_2.jpg', 0),
(69, 18, 'Shelcal_ProKids_Calcium_3.jpg', 0),
(70, 18, 'Shelcal_ProKids_Calcium_4.jpg', 0),
(71, 18, 'Shelcal_ProKids_Calcium_5.jpg', 0),
(72, 18, 'Shelcal_ProKids_Calcium_6.jpg', 0),
(73, 19, '692fc357913d4_Diataal_Nutripop_1.jpg', 1),
(74, 19, '692fc3579e11c_Diataal_Nutripop_2.jpg', 0),
(75, 19, '692fc357a1cf4_Diataal_Nutripop_3.jpg', 0),
(76, 19, '692fc357a3480_Diataal_Nutripop_4.jpg', 0),
(77, 19, '692fc357a4fc7_Diataal_Nutripop_5.jpg', 0),
(78, 19, '692fc357a67e8_Diataal_Nutripop_6.jpg', 0),
(79, 4, '6930fad11b214_Galact-Elaichi-Flavour-Granules_2.jpg', 0),
(80, 4, '6930fad11fb5d_Galact-Elaichi-Flavour-Granules_3.jpg', 0),
(81, 4, '6930fad122d5f_Galact-Elaichi-Flavour-Granules_4.jpg', 0),
(82, 4, '6930fad124551_Galact-Elaichi-Flavour-Granules_5.jpg', 0),
(83, 4, '6930fad126a2d_Galact-Elaichi-Flavour-Granules_6.jpg', 0),
(84, 4, '6930fad1298fd_Galact-Elaichi-Flavour-Granules_7.jpg', 0),
(85, 4, 'Galact-Elaichi-Flavour-Granules_1.jpeg', 1),
(86, 6, '693103810f93f_softovac_sf_1.jpeg', 1),
(87, 6, '69310381115fe_softovac_sf_2.jpg', 0),
(88, 6, '6931038112dec_softovac_sf_3.jpg', 0),
(89, 6, '6931038114bf8_softovac_sf_4.jpg', 0),
(90, 6, '693103811a078_softovac_sf_5.jpg', 0),
(91, 6, '693103811b8cc_softovac_sf_6.jpg', 0),
(92, 6, '693103811cf5b_softovac_sf_7.jpg', 0),
(93, 6, '693103811e6b8_softovac_sf_8.jpg', 0),
(94, 7, '69324f8d37a67_Refresh_Tears_Eye_Drops_1.jpg', 1),
(95, 7, '69324f8d3ba76_Refresh_Tears_Eye_Drops_2.jpg', 0),
(96, 7, '69324f8d3e01c_Refresh_Tears_Eye_Drops_3.jpg', 0),
(97, 7, '69324f8d4045e_Refresh_Tears_Eye_Drops_4.jpg', 0),
(98, 7, '69324f8d41e82_Refresh_Tears_Eye_Drops_5.jpg', 0),
(99, 8, '693254f2c6ca5_Nicotex_Gums_1.jpg', 1),
(100, 8, '693254f2c93ec_Nicotex_Gums_2.jpg', 0),
(101, 8, '693254f2cb80a_Nicotex_Gums_3.jpg', 0),
(102, 8, '693254f2cdbbc_Nicotex_Gums_4.jpg', 0),
(103, 8, '693254f2d12fc_Nicotex_Gums_5.jpg', 0),
(104, 20, '69351494bd070_Ahaglow_face_wash_1.jpg', 1),
(105, 20, '69351494c2e52_Ahaglow_face_wash_2.jpg', 0),
(106, 20, '69351494c5149_Ahaglow_face_wash_3.jpg', 0),
(107, 20, '69351494c83a2_Ahaglow_face_wash_4.jpg', 0);

-- --------------------------------------------------------

--
-- Table structure for table `users`
--

CREATE TABLE `users` (
  `id` int(11) NOT NULL,
  `name` varchar(255) NOT NULL,
  `email` varchar(255) NOT NULL,
  `password` varchar(255) NOT NULL,
  `role` enum('user','admin') DEFAULT 'user',
  `address` text DEFAULT NULL,
  `phone` varchar(20) DEFAULT NULL,
  `created_at` timestamp NOT NULL DEFAULT current_timestamp()
) ENGINE=InnoDB DEFAULT CHARSET=utf8mb4 COLLATE=utf8mb4_general_ci;

--
-- Dumping data for table `users`
--

INSERT INTO `users` (`id`, `name`, `email`, `password`, `role`, `address`, `phone`, `created_at`) VALUES
(1, 'Admin', 'admin@medicare.com', '$2y$10$cRCWoMzY0zBixeTvd44qmOf4ORxBYdHJaQ/ny8DYi42SYiA3w7GVG', 'admin', NULL, NULL, '2025-11-09 02:45:35'),
(2, 'Shuvam Jana', 'shuvam45@gmail.com', '$2y$10$cIQWp8ZDMXNk0r/APHA/0O14R1oXSAOkgjp09tGg5g16hu/UkB8mS', 'user', 'Bhairabdanri, Chakbhabani, Patashpur, Purba Medinipur, WB, 721440', '8576542198', '2025-11-09 02:57:06'),
(3, 'Monalisa Sharma', 'monalisasharma35@gmail.com', '$2y$10$CVFrvpIQzpDQek9baOFhxuiaA/RpdqLjdDVUhSXM06PTPvxx3zGEC', 'user', '35B, Andhari Chok, Mumbai - 400012', '6257412451', '2025-12-09 04:05:55');

-- --------------------------------------------------------

--
-- Table structure for table `wishlist`
--

CREATE TABLE `wishlist` (
  `id` int(11) NOT NULL,
  `user_id` int(11) NOT NULL,
  `product_id` int(11) NOT NULL,
  `created_at` timestamp NOT NULL DEFAULT current_timestamp()
) ENGINE=InnoDB DEFAULT CHARSET=utf8mb4 COLLATE=utf8mb4_general_ci;

--
-- Dumping data for table `wishlist`
--

INSERT INTO `wishlist` (`id`, `user_id`, `product_id`, `created_at`) VALUES
(4, 2, 13, '2025-12-16 03:23:44');

--
-- Indexes for dumped tables
--

--
-- Indexes for table `cart`
--
ALTER TABLE `cart`
  ADD PRIMARY KEY (`id`),
  ADD UNIQUE KEY `unique_cart_item` (`user_id`,`product_id`),
  ADD KEY `product_id` (`product_id`);

--
-- Indexes for table `orders`
--
ALTER TABLE `orders`
  ADD PRIMARY KEY (`id`),
  ADD KEY `user_id` (`user_id`);

--
-- Indexes for table `order_items`
--
ALTER TABLE `order_items`
  ADD PRIMARY KEY (`id`),
  ADD KEY `order_id` (`order_id`),
  ADD KEY `product_id` (`product_id`);

--
-- Indexes for table `products`
--
ALTER TABLE `products`
  ADD PRIMARY KEY (`id`);

--
-- Indexes for table `product_images`
--
ALTER TABLE `product_images`
  ADD PRIMARY KEY (`id`),
  ADD KEY `product_id` (`product_id`);

--
-- Indexes for table `users`
--
ALTER TABLE `users`
  ADD PRIMARY KEY (`id`),
  ADD UNIQUE KEY `email` (`email`);

--
-- Indexes for table `wishlist`
--
ALTER TABLE `wishlist`
  ADD PRIMARY KEY (`id`),
  ADD UNIQUE KEY `unique_wishlist` (`user_id`,`product_id`),
  ADD KEY `product_id` (`product_id`);

--
-- AUTO_INCREMENT for dumped tables
--

--
-- AUTO_INCREMENT for table `cart`
--
ALTER TABLE `cart`
  MODIFY `id` int(11) NOT NULL AUTO_INCREMENT, AUTO_INCREMENT=14;

--
-- AUTO_INCREMENT for table `orders`
--
ALTER TABLE `orders`
  MODIFY `id` int(11) NOT NULL AUTO_INCREMENT, AUTO_INCREMENT=7;

--
-- AUTO_INCREMENT for table `order_items`
--
ALTER TABLE `order_items`
  MODIFY `id` int(11) NOT NULL AUTO_INCREMENT, AUTO_INCREMENT=5;

--
-- AUTO_INCREMENT for table `products`
--
ALTER TABLE `products`
  MODIFY `id` int(11) NOT NULL AUTO_INCREMENT, AUTO_INCREMENT=21;

--
-- AUTO_INCREMENT for table `product_images`
--
ALTER TABLE `product_images`
  MODIFY `id` int(11) NOT NULL AUTO_INCREMENT, AUTO_INCREMENT=108;

--
-- AUTO_INCREMENT for table `users`
--
ALTER TABLE `users`
  MODIFY `id` int(11) NOT NULL AUTO_INCREMENT, AUTO_INCREMENT=4;

--
-- AUTO_INCREMENT for table `wishlist`
--
ALTER TABLE `wishlist`
  MODIFY `id` int(11) NOT NULL AUTO_INCREMENT, AUTO_INCREMENT=5;

--
-- Constraints for dumped tables
--

--
-- Constraints for table `cart`
--
ALTER TABLE `cart`
  ADD CONSTRAINT `cart_ibfk_1` FOREIGN KEY (`user_id`) REFERENCES `users` (`id`) ON DELETE CASCADE,
  ADD CONSTRAINT `cart_ibfk_2` FOREIGN KEY (`product_id`) REFERENCES `products` (`id`) ON DELETE CASCADE;

--
-- Constraints for table `orders`
--
ALTER TABLE `orders`
  ADD CONSTRAINT `orders_ibfk_1` FOREIGN KEY (`user_id`) REFERENCES `users` (`id`);

--
-- Constraints for table `order_items`
--
ALTER TABLE `order_items`
  ADD CONSTRAINT `order_items_ibfk_1` FOREIGN KEY (`order_id`) REFERENCES `orders` (`id`),
  ADD CONSTRAINT `order_items_ibfk_2` FOREIGN KEY (`product_id`) REFERENCES `products` (`id`);

--
-- Constraints for table `product_images`
--
ALTER TABLE `product_images`
  ADD CONSTRAINT `product_images_ibfk_1` FOREIGN KEY (`product_id`) REFERENCES `products` (`id`) ON DELETE CASCADE;

--
-- Constraints for table `wishlist`
--
ALTER TABLE `wishlist`
  ADD CONSTRAINT `wishlist_ibfk_1` FOREIGN KEY (`user_id`) REFERENCES `users` (`id`) ON DELETE CASCADE,
  ADD CONSTRAINT `wishlist_ibfk_2` FOREIGN KEY (`product_id`) REFERENCES `products` (`id`) ON DELETE CASCADE;
COMMIT;

/*!40101 SET CHARACTER_SET_CLIENT=@OLD_CHARACTER_SET_CLIENT */;
/*!40101 SET CHARACTER_SET_RESULTS=@OLD_CHARACTER_SET_RESULTS */;
/*!40101 SET COLLATION_CONNECTION=@OLD_COLLATION_CONNECTION */;
